순번,업체명,선정년도,지방청,주소,전화번호,팩스번호,업종,기업규모,주생산품목,연구분야
1,(유)아홉,2020,서울,서울특별시 중구 퇴계로22길,02-556-4801,02-556-4802,정보처리,중소기업,,
2,(주) 게임듀오,2022,서울,서울특별시 마포구 양화로12길,07088651186,00-000-0000,게임S/W,중소기업,,
3,(주) 게임엔,2022,서울,서울특별시 강남구 논현로,025017893,025017894,정보처리,중소기업,,
4,(주) 드라마앤컴퍼니,2015,서울,서울특별시 강남구 테헤란로,02-556-4202,02-558-4202,정보처리,중소기업,,
5,(주) 디앤지솔루션,2022,서울,서울특별시 금천구 가산디지털1로,0263327798,0263327795,전자,중소기업,,
6,(주) 라드씨엔에스,2022,서울,서울특별시 금천구 가산디지털1로,0269475900,0269475914,정보처리,중소기업,,
7,(주) 라임에스엔씨,2022,서울,서울특별시 금천구 벚꽃로,028582113,0262246213,정보처리,중소기업,,
8,(주) 레브잇,2022,서울,서울특별시 관악구 남부순환로220길,01068631341,0218774210,정보처리,중소기업,,
9,(주) 룰루랩,2022,서울,서울특별시 강남구 도산대로,0234463727,025477722,정보처리,중소기업,,
10,(주) 브로나인,2022,서울,서울특별시 강남구 테헤란로34길,0269566660,0269566667,전기,중소기업,,
11,(주) 싸이젠텍,2022,서울,서울특별시 서초구 강남대로101안길,0234437237,0234437232,기계,중소기업,,
12,(주) 앤서시스템,2022,서울,서울특별시 금천구 가산디지털1로,01095456091,027124523,정보처리,중소기업,,
13,(주) 에이펀인터렉티브,2022,서울,서울특별시 영등포구 선유로49길,07086766147,05043964730,애니메이션,중소기업,,
14,(주) 엑스게이트,2022,서울,서울특별시 강남구 영동대로85길,07040346425,025571778,정보처리,중소기업,,
15,(주) 엘젠,2022,서울,서울특별시 강남구 선릉로92길,0269535135,0269535136,정보처리,중소기업,,
16,(주) 이노핀,2022,서울,서울특별시 서초구 강남대로,027195500,05041706947,정보처리,중소기업,,
17,(주) 이스트게임즈,2022,서울,서울특별시 서초구 반포대로,07088508344,028841500,게임S/W,중소기업,,
18,(주) 큐엠아이티,2022,서울,서울특별시 서초구 강남대로,01026117218,05077127722,정보처리,중소기업,,
19,(주) 파이온코퍼레이션,2022,서울,서울특별시 강남구 삼성로85길,0262041731,03033444402,정보처리,중소기업,,
20,(주) 휴템,2022,서울,서울특별시 금천구 가산디지털2로,028552277,028552276,기계,중소기업,,
21,(주)가드텍,2021,서울,서울특별시 구로구 디지털로,022-101-9425,022-101-9440,통신기기,중소기업,,
22,(주)가온아이,2022,서울,서울특별시 강남구 봉은사로,0221405700,0221405888,정보처리,중소기업,,
23,(주)같다,2021,서울,서울특별시 중구 청계천로,010-9201-1171,070-8668-7777,정보처리,중소기업,,
24,(주)거봉,2012,서울,서울특별시 금천구 서부샛길,02-830-6356,02-2108-4590,전자,중소기업,,
25,(주)게임스프링,2019,서울,서울특별시 강남구 강남대로84길,02-564-8525,02-564-8525,게임S/W,중소기업,,
26,"(주)겟차(getcha Co. , Ltd.)",2022,서울,서울특별시 강남구 테헤란로,0218000456,021800456,정보처리,중소기업,,
27,(주)경우시스테크,2020,서울,서울특별시 금천구 디지털로9길,02-985-8085,02-985-8087,전자,중소기업,,
28,(주)고려기연,2010,서울,서울특별시 금천구 서부샛길,02-2087-3500,02-2087-3501,기계,중소기업,,
29,(주)골드팡,2021,서울,서울특별시 종로구 돈화문로5가길,070-4827-1952,070-8668-2265,생활용품,중소기업,,
30,(주)공진기공,1999,서울,서울특별시 구로구 경서로9길,02-2684-5847,02-2687-5847,기계,중소기업,해당사항없음,
31,(주)교림소프트,2021,서울,서울특별시 구로구 디지털로33길,0269540901,0269540902,정보처리,중소기업,,
32,(주)구름네트웍스,2017,서울,서울특별시 광진구 광나루로36길,024475100,026-008-9680,정보처리,중소기업,,
33,(주)그렙,2019,서울,서울특별시 서초구 강남대로,02-539-1882,0303-3441-1882,정보처리,중소기업,,
34,(주)그리드원,2018,서울,서울특별시 서초구 남부순환로347길,02-2058-2220,02-2058-2221,정보처리,중소기업,,
35,(주)그린자이언트,2020,서울,서울특별시 금천구 디지털로10길,028550933,028550933,통신기기,중소기업,,
36,(주)금부치아,2011,서울,서울특별시 종로구 창경궁로16가길,02-3673-1864,02-3673-1865,생활용품,중소기업,,
37,(주)긱블,2020,서울,서울특별시 성동구 성수이로,02--499--7177,020000000,생활용품,중소기업,,
38,(주)김캐디,2021,서울,서울특별시 강남구 역삼로,021-811-0628,021-811-0628,정보처리,중소기업,,
39,(주)깃플,2020,서울,서울특별시 영등포구 여의나루로4길,010-3764-0107,026-280-9539,정보처리,중소기업,,
40,(주)나누고,2020,서울,서울특별시 영등포구 버드나루로,070-4616-5254,070-8673-5254,정보처리,중소기업,데이터베이스및온라인정보제공업,
41,(주)나딕게임즈,2021,서울,서울특별시 강남구 논현로79길,02-3454-1426,02-3454-1422,게임S/W,중소기업,,
42,(주)나루아이,2020,서울,서울특별시 구로구 디지털로33길,0262381500,0262381502,정보처리,중소기업,,
43,(주)나인엠인터랙티브,2017,서울,서울특별시 강남구 테헤란로43길,025015032,025015033,게임S/W,중소기업,,
44,(주)나인코퍼레이션,2019,서울,서울특별시 강남구 테헤란로,070-4243-4776,026-005-9414,정보처리,중소기업,,
45,(주)네오바이오텍,2018,서울,서울특별시 구로구 디지털로27길,02-582-2885,02-582-2883,의료의약,중소기업,,
46,(주)네트워크전자,2018,서울,서울특별시 금천구 가산디지털1로,026-341-8721,028590229,전자,중소기업,,
47,(주)넥솔시스템,2021,서울,서울특별시 금천구 가산디지털2로,02-2107-7400,02-2107-7420,정보처리,중소기업,,
48,(주)넥스티브,2020,서울,서울특별시 강남구 봉은사로68길,02-464-3570,02-555-3570,정보처리,중소기업,,
49,(주)넥스파시스템,2009,서울,서울특별시 송파구 백제고분로,02-2243-4011,0507-0314-3303,기계,중소기업,,
50,(주)넷스루,2008,서울,서울특별시 성동구 광나루로8길,026-243-4160,050-5318-3200,정보처리,벤처기업,,
51,(주)노리코리아,2016,서울,서울특별시 강남구 강남대로94길,02-6204-0204,026-499-0204,정보처리,중견기업,,
52,(주)노머스,2021,서울,서울특별시 강남구 도산대로,010-9678-6858,030334489888,정보처리,중소기업,,
53,(주)노비텍,2018,서울,서울특별시 송파구 백제고분로39길,070-7122-1000,070-7159-1315,기계,중소기업,,
54,(주)누리고,2018,서울,서울특별시 금천구 가산디지털1로,07077279711,0221692267,정보처리,중소기업,,
55,(주)누리랩,2021,서울,서울특별시 영등포구 영신로,02-2671-3344,02-2138-0909,정보처리,중소기업,소프트웨어자문,
56,(주)뉴아인,2021,서울,서울특별시 구로구 디지털로30길,026-953-8120,-,의료의약,중소기업,,
57,(주)니어스랩,2017,서울,서울특별시 강남구 논현로,02-566-1574,02-6935-1574,정보처리,중소기업,,
58,(주)다래파크텍,2020,서울,서울특별시 송파구 충민로,02-6901-0726,028610997,전기,중소기업,,
59,(주)다하미커뮤니케이션즈,2000,서울,서울특별시 중구 마른내로,02-593-4174,02-593-4175,정보처리,중소기업,해당사항없음,
60,(주)다해줘테크,2021,서울,서울특별시 노원구 공릉로,025945131,025945130,정보처리,중소기업,,
61,(주)단디코리아,2021,서울,서울특별시 금천구 가산디지털1로,025942912,025942917,정보처리,중소기업,,
62,(주)당신의집사,2019,서울,서울특별시 강남구 테헤란로79길,0215226796,07086735085,정보처리,중소기업,,
63,(주)대동몰드,2017,서울,서울특별시 금천구 범안로11길,02-808-6464,02-808-5821,기계,중소기업,,
64,(주)대신전자기술,2016,서울,서울특별시 강서구 양천로,02-6012-2131,02-6280-7171,통신기기,중소기업,,
65,(주)대화라벨앤택스,2012,서울,서울특별시 성동구 성수이로8길,070-4048-4140,02-6455-0891,전자,중소기업,,
66,(주)더기프팅컴퍼니,2020,서울,서울특별시 성동구 상원12길,070-4738-1661,02-6091-1661,정보처리,중소기업,,
67,(주)더블엔씨,2021,서울,서울특별시 강남구 테헤란로,02-6265-0017,,정보처리,중소기업,,
68,(주)더스윙,2020,서울,서울특별시 강남구 선릉로,02-6953-4356,0507-478-8480,정보처리,중소기업,,
69,(주)더스팟,2021,서울,서울특별시 성북구 개운사2길,0262291123,05041400588,정보처리,중소기업,,
70,(주)더즌,2021,서울,서울특별시 서초구 강남대로,026-105-6178,026-328-1210,정보처리,중소기업,,
71,(주)더커머스,2018,서울,서울특별시 강남구 언주로135길,070-7864-3072,070-7864-1234,정보처리,중소기업,,
72,(주)데이터플로,2021,서울,서울특별시 강남구 테헤란로8길,07043663299,07075001691,정보처리,중소기업,,
73,(주)덱스코윈,2013,서울,서울특별시 금천구 가산디지털1로,02-3402-5502,02-3402-5539,의료의약,중소기업,,
74,(주)도구공간,2020,서울,서울특별시 서대문구 연세로,070-7377-1316,0504-042-1316,정보처리,중소기업,,
75,(주)도서출판점자,2018,서울,서울특별시 성동구 아차산로17길,02-3426-7211,02-3426-7502,화학,중소기업,,
76,(주)도전하는사람들,2001,서울,서울특별시 구로구 디지털로26길,070-4162-0702,02-851-3344,정보처리,중소기업,기타소프트웨어자문,
77,(주)두두아이티,2017,서울,서울특별시 금천구 가마산로,02-6929-2210,042-367-0978,정보처리,중소기업,,
78,(주)두루안,2015,서울,서울특별시 금천구 디지털로10길,02-6230-6240,02-6230-6270,정보처리,중소기업,,
79,(주)드라스타,2021,서울,서울특별시 구로구 디지털로26길,02-2637-0114,02-2637-3114,기계,중소기업,,
80,(주)드로닉스,2020,서울,서울특별시 강남구 선릉로131길,0262237901,024544901,정보처리,중소기업,,
81,(주)드림에이스,2018,서울,서울특별시 성동구 성수일로,070-4192-5380,026-280-3408,정보처리,중소기업,,
82,(주)드림와이즈,2022,서울,서울특별시 성동구 아차산로,0234312666,0269192898,정보처리,중소기업,,
83,(주)디앤에스테크놀로지,2021,서울,서울특별시 강서구 강서로,027713985,026-093-8823,통신기기,중소기업,,
84,(주)디에스랩글로벌,2021,서울,서울특별시 영등포구 의사당대로,02-1670-1728,,정보처리,중소기업,,
85,(주)디에스알브이랩스,2021,서울,서울특별시 강남구 봉은사로20길,070-4267-3108,,정보처리,중소기업,,
86,(주)디에이치로지스틱스,2021,서울,서울특별시 강서구 마곡중앙로,0234091255,0234611266,정보처리,중소기업,,
87,(주)디오에프연구소,2021,서울,서울특별시 성동구 성수일로,070-7566-0070,030334401827,기계,중소기업,치과용기기제조업,
88,(주)디와이지오텍,2021,서울,서울특별시 강서구 마곡중앙6로,0269336321,05044116321,정보처리,중소기업,,
89,(주)디지탈쉽,2015,서울,서울특별시 강남구 학동로20길,02-3446-4573,02-3446-4574,정보처리,중소기업,,
90,(주)디지털존마포지점,2019,서울,서울특별시 마포구 성암로,02-3151-0940,02-3153-7059,정보처리,중소기업,,
91,(주)딜리버리랩,2020,서울,서울특별시 성동구 아차산로9길,02-6925-0515,05043100550,정보처리,중소기업,,
92,(주)딥바이오,2021,서울,서울특별시 구로구 디지털로33길,07077033663,0226212223,정보처리,중소기업,,
93,(주)딥브레인에이아이,2019,서울,서울특별시 강남구 역삼로7길,02--858--5683,02-6716-8183,정보처리,중소기업,,
94,(주)딥센트,2020,서울,서울특별시 서초구 신반포로45길,070-4230-2094,0507-0816-508,전기,중소기업,,
95,(주)딥핑소스,2019,서울,서울특별시 강남구 언주로,010-8964-0613,070-4855-2255,정보처리,중소기업,,
96,(주)띵스플로우,2019,서울,서울특별시 성동구 성수이로20길,02-562-0097,,정보처리,중견기업,,
97,(주)라디안큐바이오,2015,서울,서울특별시 금천구 가산디지털2로,02-852-1122,02-6343-6430,기계,중소기업,,
98,(주)라이브메이커스,2021,서울,서울특별시 서초구 반포대로28길,022-088-1221,026954109,게임S/W,중소기업,,
99,(주)라이언로켓,2020,서울,서울특별시 중구 남대문로,02-6949-3063,050-4405-1863,정보처리,중소기업,,
100,(주)라이프사이언스테크놀로지,2015,서울,서울특별시 강서구 양천로,070-8620-8020,02-6968-5975,정보처리,중소기업,,
101,(주)라티스글로벌커뮤니케이션스,2020,서울,서울특별시 송파구 삼학사로,07082708500,0234314273,정보처리,중소기업,,
102,(주)라포랩스,2021,서울,서울특별시 강남구 테헤란로98길,021-644-9343,0220527792,정보처리,중소기업,,
103,(주)레디코리아,2019,서울,서울특별시 서초구 동광로,02-3466-5103,02-6455-5075,정보처리,중소기업,,
104,(주)레몬헬스케어,2021,서울,서울특별시 금천구 가산디지털1로,02-6278-1206,02-855-5816,정보처리,중소기업,,
105,(주)레전더리스,2016,서울,서울특별시 강남구 테헤란로,070-8680-0022,,정보처리,대기업,,
106,(주)로보티즈,2013,서울,서울특별시 강서구 마곡중앙5로1길,070-8671-2603,070-8230-1336,기계,중소기업,,
107,(주)루나소프트,2021,서울,서울특별시 강남구 테헤란로,070-5070-2027,0260082011,정보처리,중소기업,,
108,(주)루먼텍,2016,서울,서울특별시 금천구 가산디지털1로,02-6947-7412,02-6947-7440,통신기기,중소기업,,
109,(주)뤼이드,2017,서울,서울특별시 강남구 테헤란로,02-6929-1395,02-2135-9718,정보처리,중소기업,,
110,(주)리눅스데이타시스템,2018,서울,서울특별시 강남구 봉은사로114길,010-2878-1514,02-6207-1160,정보처리,중소기업,,
111,(주)리더스텍,2016,서울,서울특별시 금천구 디지털로10길,070-4322-2413,070-8280-0017,전자,중소기업,,
112,(주)리스트,2018,서울,서울특별시 강서구 화곡로,02-2632-5133,02-2632-5134,정보처리,중소기업,,
113,(주)리테일앤인사이트,2020,서울,서울특별시 강남구 테헤란로,025399510,025399335,정보처리,중소기업,,
114,(주)리틀송뮤직,2019,서울,서울특별시 광진구 천호대로,02-444-7411,02-6925-7204,정보처리,중소기업,,
115,(주)마이체크업,2001,서울,서울특별시 양천구 안양천로,02-2646-0050,02-2646-6816,정보처리,중소기업,,
116,(주)마켓디자이너스,2018,서울,서울특별시 강남구 테헤란로20길,02-518-0060,02-6455-2483,정보처리,중소기업,,
117,(주)맘편한세상,2020,서울,서울특별시 강남구 논현로85길,010-5009-2640,026-442-6180,정보처리,중소기업,,
118,(주)매그넘빈트,2013,서울,서울특별시 강남구 강남대로132길,02-568-1987,02-568-1984,정보처리,중소기업,,
119,(주)매드업,2019,서울,서울특별시 서초구 서초대로74길,02-6959-7245,0264427239,정보처리,중소기업,,
120,(주)매트릭스투비,2001,서울,서울특별시 구로구 디지털로34길,02-2028-0700,02-2028-0722,정보처리,벤처기업,기타소프트웨어자문,
121,(주)머니머신,2021,서울,서울특별시 구로구 디지털로33길,070-4820-2877,0507-080-1481,정보처리,중소기업,,
122,(주)메디메카,2019,서울,서울특별시 금천구 가산디지털2로,02-6953-9182,02-856-0238,철강,중소기업,,
123,(주)메쉬코리아,2017,서울,서울특별시 강남구 대치동 ,02-6380-8008,02-6380-8001,정보처리,중소기업,,
124,(주)메이아이,2020,서울,서울특별시 강남구 테헤란로82길,010-6395-3274,022-135-6803,정보처리,중소기업,,
125,(주)메인라인,2021,서울,서울특별시 마포구 양화로,02-712-9039,02-712-9007,정보처리,중소기업,,
126,(주)메타시스넷,2019,서울,서울특별시 금천구 가산디지털2로,07047570114,0264420420,정보처리,중소기업,,
127,(주)모노리스,2022,서울,서울특별시 영등포구 여의대로,01090081124,0502	64	310,정보처리,중소기업,,
128,(주)모니터랩,2015,서울,서울특별시 구로구 디지털로27가길,070-4633-2745,027490798,정보처리,중소기업,,
129,(주)모두싸인,2021,서울,서울특별시 강남구 봉은사로,070-5118-1226,051-783-1226,정보처리,중소기업,,
130,(주)모비젠,2021,서울,서울특별시 송파구 법원로,02-538-9360,02-538-9369,정보처리,중소기업,,
131,(주)모스티소프트,2020,서울,서울특별시 영등포구 여의나루로,02-769-1156,02-769-1157,정보처리,중소기업,,
132,(주)모젯,2010,서울,서울특별시 강남구 선릉로,070-4742-3225,02-400-6386,정보처리,중소기업,,
133,(주)무브인터렉티브,2017,서울,서울특별시 마포구 성암로,070-4740-7716,050-7555-0789,게임S/W,중소기업,,
134,(주)무한정보기술,2020,서울,서울특별시 영등포구 당산로2길,026-952-0825,026-952-0826,정보처리,중소기업,,
135,(주)뮤즈라이브,2020,서울,서울특별시 마포구 월드컵북로56길,023769775,023769776,정보처리,중소기업,,
136,(주)미드키스,2021,서울,서울특별시 강남구 도산대로19길,0234465957,0234465955,정보처리,중소기업,,
137,(주)미디어솔루션,2011,서울,서울특별시 마포구 양화로,02-324-9555,02-335-0598,정보처리,중소기업,,
138,(주)미리디,2018,서울,서울특별시 구로구 디지털로31길,02-6925-3691,000000000,정보처리,중소기업,,
139,(주)미소아이티,2020,서울,서울특별시 영등포구 영신로,025715514,0226559111,정보처리,중소기업,,
140,(주)미어캣게임즈,2019,서울,서울특별시 강남구 테헤란로,070-4335-0361,070-4687-8344,게임S/W,중소기업,,
141,(주)밋앤그릿,2022,서울,서울특별시 마포구 매봉산로,0221264777,0221264778,정보처리,중소기업,,
142,(주)바토너스 기업부설연구소,2021,서울,서울특별시 마포구 성미산로17길,010-2162-5515,050-4766-5659,정보처리,중소기업,,
143,(주)발란,2021,서울,서울특별시 강남구 도산대로,07043533787,0262542001,정보처리,중소기업,,
144,(주)백두테크놀로지스,2021,서울,서울특별시 강남구 언주로81길,010-5561-1993,030334450300,정보처리,중소기업,,
145,(주)밸로프,2017,서울,서울특별시 금천구 디지털로,07074629560,0220261077,게임S/W,중소기업,,
146,(주)뱅크런,2020,서울,서울특별시 강남구 논현로140길,021-661-0501,025571252,정보처리,중소기업,,
147,(주)베러웨이시스템즈,2019,서울,서울특별시 성동구 아차산로11길,070-4099-1711,02-6280-0515,화학,중소기업,,
148,(주)베어로보틱스코리아,2021,서울,서울특별시 성동구 성수일로,010-4689-3466,0200000000,정보처리,중소기업,,
149,(주)보이스루,2020,서울,서울특별시 강남구 강남대로,070-4282-3117,02-520-1592,정보처리,중소기업,,
150,(주)보이저엑스,2021,서울,서울특별시 서초구 서초대로38길,02-6377-8339,02-6411-0088,정보처리,중소기업,,
151,(주)부동산뱅크,1997,서울,서울특별시 서초구 효령로,02-2185-7213,02-565-6367,정보처리,중소기업,해당사항없음,
152,(주)뷰노,2018,서울,서울특별시 서초구 강남대로,02-515-6646,02-515-6647,정보처리,중소기업,,
153,(주)브레이브모바일,2021,서울,서울특별시 강남구 테헤란로,010-2042-6545,02-6000-9479,정보처리,중소기업,,
154,(주)브로드씨엔에스,2019,서울,서울특별시 구로구 디지털로,02-2038-2746,02-2038-2766,정보처리,중소기업,,
155,(주)블록크래프터스,2021,서울,서울특별시 서초구 강남대로,02-6941-3998,02-6442-3992,정보처리,중소기업,,
156,(주)블루데이타시스템즈,2019,서울,서울특별시 송파구 양재대로66길,024315118,024310118,정보처리,중소기업,,
157,(주)비덴트,2011,서울,서울특별시 금천구 가산디지털1로,070-8668-6616,02-6123-3201,전기,중소기업,,
158,(주)비바리퍼블리카,2015,서울,서울특별시 강남구 테헤란로,02-544-7056,02-6021-4901,정보처리,중소기업,,
159,(주)비비드펄,2015,서울,서울특별시 금천구 가산디지털1로,027627300,027627301,생활용품,중소기업,,
160,(주)비비비,2019,서울,서울특별시 강남구 테헤란로81길,02-565-9653,02-565-9654,의료의약,중소기업,,
161,(주)비아이엔솔루션,2020,서울,서울특별시 영등포구 양평로21길,070-7017-2820,0264992820,정보처리,중소기업,,
162,(주)비알씨테크,2020,서울,서울특별시 노원구 노원로15길,02-322-2927,02-365-7067,기계,중소기업,,
163,(주)비엔아이,2020,서울,서울특별시 금천구 가산디지털2로,023-443-7742,023-443-7743,정보처리,중소기업,,
164,(주)비엔에프아이디,1999,서울,서울특별시 중랑구 동일로,02-435-6600,02-435-6853,기계,중소기업,톱및호환성공구제조업,
165,(주)비오시스템즈,2012,서울,서울특별시 금천구 가산디지털1로,070-4170-0500,02-862-7101,정보처리,중소기업,,
166,(주)비욘드테크,2018,서울,서울특별시 금천구 가산디지털1로,026-290-1323,026-290-1390,정보처리,중소기업,,
167,(주)비전인사이드,2016,서울,서울특별시 동대문구 휘경로,02-521-0432,02-521-0428,정보처리,중소기업,,
168,(주)비즈니스캔버스,2021,서울,서울특별시 서초구 반포대로22길,010-2520-9377,022-135-3856,정보처리,중소기업,,
169,(주)비케이에스엔피,2011,서울,서울특별시 영등포구 선유로,02-2628-5695,02-2628-5696,정보처리,중소기업,,
170,(주)비타소프트,2020,서울,서울특별시 구로구 디지털로26길,02-365-6040,02-6455-6040,정보처리,중소기업,,
171,(주)비플렉스,2019,서울,서울특별시 서초구 강남대로,02-588-0373,,정보처리,중소기업,,
172,(주)빙글,2013,서울,서울특별시 서초구 서초중앙로,02-588-3810,025883831,정보처리,중소기업,,
173,(주)빛컨,2018,서울,서울특별시 금천구 가산디지털1로,02-859-4590,070-7878-9990,정보처리,중소기업,,
174,(주)사이버다임,2019,서울,서울특별시 송파구 올림픽로,025466990,025466992,정보처리,중소기업,,
175,(주)산호기계,2018,서울,서울특별시 금천구 벚꽃로38길,028645947,028688285,기계,중소기업,,
176,(주)삼원파워텍,2021,서울,서울특별시 도봉구 우이천로4다길,029926400,029036400,전기,중소기업,차량용조명및전기장치제조업,
177,(주)샤오링엔터테인먼트,2021,서울,서울특별시 마포구 양화로8길,02-6328-5000,07047402202,애니메이션,중소기업,,
178,(주)샤플앤컴퍼니,2021,서울,서울특별시 강남구 도곡로,02-552-0415,031-709-0415,정보처리,중소기업,,
179,(주)서경산업,2021,서울,서울특별시 용산구 한강대로88길,027944574,0269184574,전기,중소기업,,
180,(주)서광양행,2012,서울,서울특별시 동작구 여의대방로22카길,02-3273-6181,02-826-0936,통신기기,중소기업,,
181,(주)서남아이에스,2021,서울,서울특별시 금천구 디지털로,010-6635-7088,05052994459,정보처리,중소기업,,
182,(주)서야에프씨,2020,서울,서울특별시 중랑구 봉화산로,010-5095-6655,0264990721,섬유,중소기업,,
183,(주)세연테크,2013,서울,서울특별시 강서구 허준로,02-2192-6811,02-2659-0831,통신기기,중소기업,,
184,(주)세토피아,2021,서울,서울특별시 강남구 역삼로,0234978906,0234978959,정보처리,중소기업,,
185,(주)센드버드코리아,2018,서울,서울특별시 강남구 선릉로,02-555-4654,02-6008-4654,정보처리,중소기업,,
186,(주)센트비,2019,서울,서울특별시 강남구 테헤란로,070-8825-0373,02-2051-7677,정보처리,중소기업,그외기타금융관련서비스업,
187,(주)센티널테크놀로지,2017,서울,서울특별시 마포구 월드컵북로,02-525-5398,025255196,정보처리,중소기업,,
188,(주)셈웨어,2018,서울,서울특별시 관악구 관악로,028758838,0264558723,정보처리,중소기업,,
189,(주)소리를보는통로,2020,서울,서울특별시 성동구 연무장길,02-1661-0552,02-6937-0558,정보처리,중소기업,,
190,(주)소만사,2022,서울,서울특별시 영등포구 영신로,0226368300,0226559089,정보처리,중소기업,,
191,(주)소프트그래피,2021,서울,서울특별시 구로구 디지털로30길,0267385011,0267385010,정보처리,중소기업,,
192,(주)소프트닉스,2020,서울,서울특별시 강남구 선릉로93길,070-5213-7951,026-964-8029,게임S/W,중소기업,,
193,(주)소프트보울,2018,서울,서울특별시 서초구 반포대로,02-2038-3320,070-4232-7190,정보처리,중소기업,,
194,(주)소프트스퀘어드,2021,서울,서울특별시 마포구 마포대로10길,070-4001-4087,0504-495-4088,정보처리,중소기업,,
195,(주)소프트체인,2020,서울,서울특별시 구로구 디지털로31길,0220257650,0220257654,정보처리,중소기업,,
196,(주)소프트파워,2019,서울,서울특별시 마포구 성암로,02-557-7800,02-3153-7322,정보처리,중소기업,,
197,(주)소프트퓨전,2019,서울,서울특별시 영등포구 영신로,070-7124-9947,02-582-9917,정보처리,중소기업,,
198,(주)소하테크,2017,서울,서울특별시 노원구 노원로15길,02-978-0461,02-978-0463,전자,중소기업,,
199,(주)솔루게이트,2019,서울,서울특별시 금천구 가산디지털1로,070-8882-5252,070-4405-7835,정보처리,중소기업,,
200,(주)수산씨엠씨,2021,서울,서울특별시 송파구 송파대로,02-422-7575,02-430-7580,화학,중소기업,,
201,(주)수퍼트리,2019,서울,서울특별시 강남구 테헤란로104길,026-952-2530,026-952-2531,게임S/W,중소기업,,
202,(주)슈퍼박스,2020,서울,서울특별시 구로구 디지털로31길,070-8866-0980,05043656770,게임S/W,중소기업,,
203,(주)슈퍼솔루션,2015,서울,서울특별시 금천구 벚꽃로,070-4055-1407,02-2082-5543,통신기기,중소기업,,
204,(주)슈퍼플래닛,2017,서울,서울특별시 강남구 도산대로,02-6212-9221,02-6442-8027,게임S/W,중소기업,,
205,(주)스마트딥,2020,서울,서울특별시 금천구 가산디지털2로,07070998090,0232813371,정보처리,중소기업,,
206,(주)스마트잭,2021,서울,서울특별시 성동구 성수일로,02-498-3060,02-6280-9045,정보처리,중소기업,,
207,(주)스와치온,2021,서울,서울특별시 성동구 광나루로,070-4131-0069,02-6442-0069,정보처리,중소기업,,
208,(주)스윙크,2012,서울,서울특별시 서대문구 연세로,023648777,026-925-7257,정보처리,중소기업,,
209,(주)스코어스트리트,2021,서울,서울특별시 마포구 동교로,07077642574,07077632573,정보처리,중소기업,,
210,(주)스타텍코리아,2017,서울,서울특별시 강서구 양천로,02-6957-1796,026-957-1790,전자,중소기업,,
211,(주)스탠스,2020,서울,서울특별시 노원구 공릉로,02-949-2131,0303-3444-2131,정보처리,중소기업,,
212,(주)스토어링크 서울지점,2021,서울,서울특별시 중구 중림로,07047862112,07047862112,정보처리,중소기업,,
213,(주)스틸리언,2019,서울,서울특별시 용산구 원효로90길,02-2038-4792,0220384794,정보처리,중소기업,,
214,(주)스포카,2015,서울,서울특별시 강남구 테헤란로,070-7725-6458,02-544-6460,정보처리,중소기업,,
215,(주)스푼라디오,2020,서울,서울특별시 강남구 테헤란로,02-6204-0556,070-8233-4479,정보처리,중소기업,,
216,(주)시닉스레이,2021,서울,서울특별시 중랑구 봉화산로,07040998868,07048508855,기계,중소기업,의료용기기제조업,
217,(주)시큐레이어,2018,서울,서울특별시 성동구 성수일로4길,02-1800-6713,02--499--7605,정보처리,중소기업,,
218,(주)시큐리티허브,2021,서울,서울특별시 강남구 남부순환로,026-952-3951,029211467,정보처리,중소기업,,
219,(주)시큐브,2016,서울,서울특별시 구로구 디지털로26길,026-261-9306,026-261-9309,정보처리,중소기업,,
220,(주)시큐어가드테크놀러지,2018,서울,서울특별시 금천구 가산디지털1로,070-7425-9000,026-442-7425,정보처리,중소기업,,
221,(주)시큐에버,2021,서울,서울특별시 송파구 백제고분로9길,02-422-4638,02-422-4628,정보처리,중소기업,,
222,(주)시프트업,2017,서울,서울특별시 서초구 서초대로77길,02-2039-8849,02-2039-8969,게임S/W,중소기업,,
223,(주)식스샵,2021,서울,서울특별시 서초구 강남대로,0216446608,05040937254,정보처리,중소기업,,
224,(주)신화시스템,2020,서울,서울특별시 금천구 디지털로9길,02-521-3919,02-521-3935,전기,중소기업,,
225,(주)실비아헬스,2021,서울,서울특별시 강남구 영동대로85길,070-4264-8800,050-9322-6676,정보처리,중소기업,,
226,(주)싸이드워크엔터테인먼트,2022,서울,서울특별시 마포구 월드컵북로,07041170113,023040113,정보처리,중소기업,,
227,(주)싸이크로스,2017,서울,서울특별시 강남구 양재천로,02-579-2050,02-579-2250,정보처리,중소기업,,
228,(주)써머스플랫폼,2020,서울,서울특별시 금천구 가산디지털1로,027041301,0263543600,정보처리,중소기업,,
229,(주)쓰리알,1990,서울,서울특별시 도봉구 도봉로,02-3492-5171,02-3492-5170,기계,중소기업,해당사항없음,
230,(주)씨디컴,2013,서울,서울특별시 금천구 가산디지털2로,02-855-4100,02-6935-1435,화학,중소기업,,
231,(주)씨씨미디어서비스,2020,서울,서울특별시 구로구 가마산로25길,025016371,0262806371,정보처리,중소기업,,
232,(주)씨엔피테크,2002,서울,서울특별시 금천구 가산디지털2로,02-862-2555,02--859--5972,통신기기,벤처기업,기타사무,
233,(주)아도스,2020,서울,서울특별시 송파구 송파대로,070-8812-1026,02-796-1026,정보처리,중소기업,,
234,(주)아르비젼,2018,서울,서울특별시 금천구 가산디지털1로,02-853-1095,02-853-1098,전자,중소기업,,
235,(주)아몽소프트웨어,2021,서울,서울특별시 강남구 언주로,021-661-7494,050-4027-1426,정보처리,중소기업,,
236,(주)아우라네트웍 ,2021,서울,서울특별시 서초구 서초중앙로,02-6484-6202,02-6484-6299,정보처리,중소기업,,
237,(주)아우름플래닛,2021,서울,서울특별시 마포구 홍익로,070-4110-1555,02-000-0000,정보처리,중소기업,,
238,(주)아이뱅크,2019,서울,서울특별시 금천구 가산디지털1로,0226240859,0226240441,정보처리,중소기업,,
239,(주)아이스크림에듀,2019,서울,서울특별시 강남구 테헤란로88길,02-3440-7242,02-3440-7196,정보처리,중견기업,,
240,(주)아이엠씨게임즈,2006,서울,서울특별시 강남구 테헤란로77길,025549140,025549132,게임S/W,벤처기업,게임소프트웨어제작업,
241,(주)아이엠에스나노텍,2016,서울,서울특별시 구로구 디지털로29길,022-109-5030,022-109-5033,기계,중소기업,,
242,(주)아이오트러스트,2019,서울,서울특별시 강남구 선릉로,02-6959-3559,02-6959-3564,정보처리,중소기업,,
243,(주)아이지에이웍스,2013,서울,서울특별시 마포구 양화로,02-6970-2903,02-2132-5129,정보처리,중소기업,,
244,(주)아이커머,2020,서울,서울특별시 영등포구 경인로,024663700,024663760,정보처리,중소기업,,
245,(주)아이퀘스트,2014,서울,서울특별시 구로구 디지털로34길,02-2025-4630,02-2025-4645,정보처리,중소기업,,
246,(주)아이투맥스,2022,서울,서울특별시 마포구 마포대로,023652187,023652093,정보처리,중소기업,,
247,(주)아이티노매즈,2021,서울,서울특별시 구로구 디지털로,02-2038-7586,02-2038-7590,정보처리,중소기업,,
248,(주)아이티스노우볼,2021,서울,서울특별시 금천구 벚꽃로,010-3075-8777,0504-387-1875,게임S/W,중소기업,,
249,(주)아이티엘,2018,서울,서울특별시 서초구 바우뫼로,02-3463-9724,02-3463-2200,정보처리,중소기업,,
250,(주)아이펙,2021,서울,서울특별시 금천구 범안로9길,0220375844,028650079,민영방산,중소기업,,
251,(주)아이포트폴리오,2020,서울,서울특별시 중구 남대문로9길,05053338288,05053338288,정보처리,중소기업,,
252,(주)아임클라우드,2019,서울,서울특별시 영등포구 양산로,02-6472-0410,0264820410,정보처리,중소기업,,
253,(주)아침소프트,2018,서울,서울특별시 구로구 디지털로34길,02-863-3198,02-863-3199,정보처리,중소기업,,
254,(주)아카에이아이,2015,서울,서울특별시 중구 청계천로,025377201,025377202,정보처리,중소기업,,
255,(주)아쿠아픽,2020,서울,서울특별시 금천구 가산디지털1로,02-1588-2809,02-6116-2800,전기,중소기업,,
256,(주)아키드로우,2019,서울,서울특별시 서초구 매헌로,02-2155-1125,02-6250-8126,정보처리,중소기업,,
257,(주)알고리마,2020,서울,서울특별시 강남구 영동대로,070-4353-7176,070-7500-7962,정보처리,중소기업,,
258,(주)알로하팩토리,2021,서울,서울특별시 강남구 역삼로7길,010-7278-9337,02-6951-5745,게임S/W,중소기업,,
259,(주)알에프메디컬,2021,서울,서울특별시 금천구 벚꽃로,070-4163-9072,022-108-4201,의료의약,중소기업,,
260,(주)알엔알,2020,서울,서울특별시 성동구 뚝섬로17가길,070-4230-8676,0234460059,전자,중소기업,,
261,(주)알엠소프트,2018,서울,서울특별시 금천구 가산디지털1로,02-859-0884,02-6499-0883,정보처리,중소기업,,
262,(주)알지비솔루션,2021,서울,서울특별시 금천구 가산디지털1로,07044893342,024590327,정보처리,중소기업,,
263,(주)알티웍스,2020,서울,서울특별시 서초구 방배로31길,025222437,025222457,정보처리,중소기업,,
264,(주)알파투쎄븐쓰리,2021,서울,서울특별시 중구 퇴계로,02-501-2339,0504-398-8185,정보처리,중소기업,,
265,(주)애드오피,2020,서울,서울특별시 강남구 테헤란로,02-2052-6256,02-508-4599,정보처리,중소기업,,
266,(주)애드캡슐소프트,2019,서울,서울특별시 서초구 동광로12길,02-544-0902,07082306290,정보처리,중소기업,,
267,(주)액시스소프트,2021,서울,서울특별시 강남구 논현로102길,027173450,027173451,정보처리,중소기업,,
268,(주)앱닥터,2021,서울,서울특별시 마포구 마포대로,02-6490-1770,,정보처리,중소기업,,
269,(주)어반디지털마케팅,2019,서울,서울특별시 금천구 가산디지털1로,026-925-5180,050-5855-2228,정보처리,중소기업,,
270,(주)어빌리티시스템즈,2017,서울,서울특별시 송파구 송파대로,070-7835-6300,024025478,정보처리,중소기업,,
271,(주)어썸피스,2012,서울,서울특별시 관악구 남부순환로,02-2039-8084,028862010,게임S/W,중소기업,,
272,(주)언더핀,2020,서울,서울특별시 영등포구 의사당대로,070-7537-2017,05044342802,정보처리,중소기업,,
273,(주)언일전자,2020,서울,서울특별시 중랑구 신내로23길,0267129315,029481625,전기,중소기업,,
274,(주)에너닷,2020,서울,서울특별시 서초구 남부순환로350길,02-584-9602,02-584-9604,정보처리,중소기업,,
275,(주)에너자이,2020,서울,서울특별시 강남구 테헤란로,02-883-1231,0303-3440-1231,정보처리,중소기업,,
276,(주)에너지파트너즈,2019,서울,서울특별시 영등포구 경인로,02-957-8888,02-957-8892,전기,중소기업,엘리베이터및컨베이어장치제조업,
277,(주)에니텍시스,2000,서울,서울특별시 금천구 디지털로9길,02-2027-1900,02-2027-1919,전자,중소기업,해당사항없음,
278,(주)에듀토셀,2020,서울,서울특별시 성북구 안암로,02-923-0505,02-923-7070,정보처리,중소기업,,
279,(주)에스더블유몰드텍,2009,서울,서울특별시 금천구 벚꽃로,02-830-0453,0000000000,기계,벤처기업,,
280,(주)에스알포스트,2020,서울,서울특별시 구로구 디지털로,028455218,0221798921,정보처리,중소기업,,
281,(주)에스엠인포메이션,2022,서울,서울특별시 성동구 아차산로17길,0234868323,07078608833,정보처리,중소기업,,
282,(주)에스이든,2019,서울,서울특별시 금천구 가산디지털1로,02-6116-6788,02-6116-6789,정보처리,중소기업,,
283,(주)에스제이링크,2018,서울,서울특별시 마포구 월드컵북로,02-6101-8400,02-6101-8409,정보처리,중소기업,,
284,(주)에스티,2020,서울,서울특별시 영등포구 선유로,070-5222-6888,070-5222-6888,정보처리,중소기업,,
285,(주)에어스메디컬,2019,서울,서울특별시 강남구 테헤란로,070-7777-3186,02-6280-3185,정보처리,중소기업,,
286,(주)에어큐브,2019,서울,서울특별시 강서구 양천로,02-3663-3181,02-6968-5622,정보처리,중소기업,컴퓨터시스템설계및자문업,
287,(주)에오스와이텍,2020,서울,서울특별시 송파구 법원로11길,024599155,050-8090-1255,정보처리,중소기업,,
288,(주)에이럭스,2020,서울,서울특별시 마포구 매봉산로,0236658956,0236658957,정보처리,중소기업,,
289,(주)에이블리코퍼레이션,2017,서울,서울특별시 서초구 강남대로,070-4779-8264,070-4779-8267,정보처리,중소기업,,
290,(주)에이블스토어,2016,서울,서울특별시 영등포구 영신로,02-456-7667,02-456-7262,정보처리,중소기업,,
291,(주)에이블짐정보,2020,서울,서울특별시 송파구 바람드리길,02-2138-1880,022-138-1889,정보처리,중소기업,,
292,(주)에이스프로젝트,2015,서울,서울특별시 중구 한강대로,02-6325-3213,02-6325-3216,게임S/W,중소기업,,
293,(주)에이아이스페라,2021,서울,서울특별시 성동구 연무장5가길,02-6419-1088,070-4755-7000,정보처리,중견기업,,
294,(주)에이아이트릭스,2019,서울,서울특별시 서초구 효령로77길,02-569-5507,02-569-5508,정보처리,중소기업,,
295,(주)에이앤티랩스,2021,서울,서울특별시 성북구 서경로,029407354,05070837283,정보처리,중소기업,,
296,(주)에이엠피올,2015,서울,서울특별시 금천구 가산디지털2로,02--858--2839,02--858--2442,의료의약,중소기업,,
297,(주)에이제이월드,2018,서울,서울특별시 강서구 마곡중앙14로,025552433,025632433,통신기기,중소기업,,
298,(주)에이젠글로벌,2020,서울,서울특별시 영등포구 은행로,070-7008-0020,0504-229-9165,정보처리,중소기업,,
299,(주)에이티비스,2019,서울,서울특별시 금천구 가산동 ,070-4821-4888,070-4821-4898,통신기기,중소기업,,
300,(주)에임드,2020,서울,서울특별시 서초구 서초대로38길,070-4027-2095,070-4850-8934,정보처리,중소기업,,
301,(주)에잇퍼센트,2018,서울,서울특별시 영등포구 국제금융로2길,02-722-8828,026-442-2288,정보처리,중소기업,,
302,(주)에코센스,2020,서울,서울특별시 금천구 가산디지털1로,02-2088-1111,02-850-3102,전자,중소기업,,
303,(주)에코아이티,2020,서울,서울특별시 강남구 강남대로146길,0263428021,028648021,정보처리,중소기업,,
304,(주)에프원시큐리티,2017,서울,서울특별시 금천구 벚꽃로,070-4640-3031,02-6944-8448,정보처리,중소기업,,
305,(주)엑셈,2021,서울,서울특별시 강서구 양천로,0262036300,0262036301,정보처리,중소기업,,
306,(주)엑소코바이오,2019,서울,서울특별시 금천구 가산디지털1로,02-2138-2967,02-2038-3916,의료의약,중소기업,,
307,(주)엑스오비스,2018,서울,서울특별시 강남구 테헤란로38길,0221569100,025188831,정보처리,중소기업,,
308,(주)엑스트라이버,2019,서울,서울특별시 강남구 테헤란로,070-5089-4093,070-8290-0200,정보처리,중소기업,정보처리및기타컴퓨터운영관련업,
309,(주)엔라이즈,2021,서울,서울특별시 서초구 서초대로77길,010-2242-8791,026-203-0551,정보처리,중소기업,,
310,(주)엔버랩스,2019,서울,서울특별시 마포구 월드컵북로,070-5099-9400,02--335--7781,정보처리,중소기업,,
311,(주)엔씨지글로벌,2018,서울,서울특별시 금천구 디지털로9길,02-866-3255,070-7500-8954,정보처리,중소기업,,
312,(주)엔에스티정보통신,2019,서울,서울특별시 금천구 가산디지털2로,02-857-3900,02-856-5005,통신기기,중소기업,,
313,(주)엔젤스윙,2019,서울,서울특별시 서초구 강남대로,070-4035-3759,02-2179-8176,정보처리,중소기업,,
314,(주)엔티시스,2016,서울,서울특별시 금천구 디지털로9길,070-4035-1410,070-8224-1409,정보처리,중소기업,,
315,(주)엔피코어,2021,서울,서울특별시 영등포구 양평로21길,02-1544-5317,024135317,정보처리,중소기업,,
316,(주)엘레파츠,2014,서울,서울특별시 금천구 서부샛길,070-7865-8250,02-861-8749,전자,중소기업,,
317,(주)엘렉시,2021,서울,서울특별시 송파구 송파대로,070-7733-5679,02--401--5674,정보처리,중소기업,,
318,(주)엘리스 서울강남2지점,2019,서울,서울특별시 강남구 선릉로,070-4633-2015,050383790214,정보처리,중소기업,,
319,(주)엘앤디시스템,2021,서울,서울특별시 영등포구 선유로,07077325250,030309404599,정보처리,중소기업,컴퓨터및소프트웨어소매업,
320,(주)엘앰캐드,2021,서울,서울특별시 강남구 도산대로28길,02-6091-6400,0504-435-3112,정보처리,중소기업,,
321,(주)엘엠프렌즈,2020,서울,서울특별시 광진구 아차산로,070-4452-4731,02-456-4730,정보처리,중소기업,,
322,(주)엘트정보기술,2016,서울,서울특별시 금천구 가산디지털1로,02-2678-9171,0504-181-1614,통신기기,중소기업,,
323,(주)엘핀,2020,서울,서울특별시 강서구 마곡중앙8로,02-6959-7414,050-4394-7616,정보처리,중소기업,,
324,(주)엠그램,2017,서울,서울특별시 영등포구 여의대방로69길,02-780-7808,02-780-7909,정보처리,중소기업,,
325,(주)엠시스텍,2019,서울,서울특별시 영등포구 양산로,022-002-8733,027-935-7935,정보처리,중소기업,,
326,(주)엠에이치메디,2019,서울,서울특별시 구로구 디지털로27길,02-2107-8988,02-844-4572,의료의약,중소기업,,
327,(주)엠엘소프트,2016,서울,서울특별시 영등포구 양평로21가길,025013221,025015420,정보처리,중소기업,,
328,(주)엠큐브테크놀로지,2018,서울,서울특별시 강서구 마곡중앙12로,070-7006-9239,023-421-7076,의료의약,중소기업,그외기타의료용기기제조업,
329,(주)엠텔레텍,2019,서울,서울특별시 금천구 가산디지털1로,02-6281-6282,02-6281-6285,정보처리,중소기업,,
330,(주)엠투다이아몬드,2021,서울,서울특별시 종로구 율곡로,02-763-9801,02-763-9802,생활용품,중소기업,귀금속장신구및관련제품제조업,
331,(주)여기어때컴퍼니,2021,서울,서울특별시 강남구 봉은사로,02-2088-8034,02-6930-4132,정보처리,중소기업,,
332,(주)영인바이오텍,2018,서울,서울특별시 양천구 남부순환로,02-3663-8329,02-2699-8328,전자,중소기업,,
333,(주)예거,2020,서울,서울특별시 도봉구 우이천로39길,029067776,029994473,정보처리,중소기업,,
334,(주)옐로에그,2021,서울,서울특별시 구로구 디지털로29길,07040154560,07040154561,게임S/W,중소기업,,
335,(주)오너클랜,2015,서울,서울특별시 서초구 강남대로99길,070-4603-5431,02-851-3414,정보처리,중소기업,,
336,(주)오스테오닉,2015,서울,서울특별시 구로구 디지털로29길,026-902-8400,026-902-8401,의료의약,중소기업,,
337,(주)오스테오시스,2015,서울,서울특별시 구로구 디지털로26길,02-6124-5905,02-6124-5958,기계,중소기업,,
338,(주)오케이토마토,2022,서울,서울특별시 영등포구 선유로,0226972399,0226971845,정보처리,중소기업,,
339,(주)오토스광학,1999,서울,서울특별시 금천구 두산로11길,02--700--8005,02--861--2133,기계,중소기업,해당사항없음,
340,(주)오픈소프트랩,2021,서울,서울특별시 금천구 가산디지털1로,026-941-0501,026-941-0502,정보처리,중소기업,,
341,(주)오픈오브젝트,2019,서울,서울특별시 구로구 디지털로,02-2057-0883,02-2057-0885,정보처리,중소기업,,
342,(주)오피지지,2020,서울,서울특별시 강남구 테헤란로,010-8349-7688,024559904,정보처리,중소기업,,
343,(주)온앤온정보시스템,2021,서울,서울특별시 강동구 천호대로,02-478-8360,02-478-8366,정보처리,중소기업,,
344,(주)온피아,2018,서울,서울특별시 구로구 디지털로33길,07042622800,0263302077,정보처리,중소기업,,
345,(주)올리브스톤,2021,서울,서울특별시 강남구 강남대로,070-7801-1107,026-414-1173,정보처리,중소기업,,
346,(주)올림플래닛,2021,서울,서울특별시 강남구 테헤란로,02-511-5110,02-6499-2183,정보처리,중소기업,,
347,(주)옴니씨앤에스,2020,서울,서울특별시 구로구 디지털로,070-7605-6184,02-6949-0069,정보처리,중소기업,,
348,(주)와우소프트,2019,서울,서울특별시 구로구 디지털로33길,02-2108-1599,02-2108-1598,정보처리,중소기업,,
349,(주)와이오엘오,2022,서울,서울특별시 마포구 월드컵로10길,0220382391,0220382392,정보처리,중소기업,,
350,(주)왓챠,2018,서울,서울특별시 서초구 강남대로,070-7554-9696,02-3478-2202,정보처리,중소기업,,
351,(주)우성자동문,1998,서울,서울특별시 성동구 성수이로,02-2205-1010,02-2205-1020,기계,중소기업,해당사항없음,
352,(주)우아한형제들,2013,서울,서울특별시 송파구 위례성대로,070-4352-3235,050-6050-0402,정보처리,대기업,,
353,(주)원우이엔지,2019,서울,서울특별시 강서구 마곡중앙6로,02-3665-3200,02-3665-3210,통신기기,중소기업,,
354,(주)원티드랩,2021,서울,서울특별시 송파구 올림픽로,0221387124,0260087083,정보처리,중소기업,,
355,(주)원프랜트,2014,서울,서울특별시 서초구 서초중앙로24길,070-7791-9025,02-533-7052,국내건설,중소기업,,
356,(주)웨이브코퍼레이션,2021,서울,서울특별시 강남구 테헤란로2길,070-8065-5471,025-242-2552,정보처리,중소기업,,
357,(주)웹티즌,1999,서울,서울특별시 강남구 테헤란로,060-300-2254,050-4985-2400,정보처리,중소기업,해당사항없음,
358,(주)위시켓,2016,서울,서울특별시 강남구 테헤란로,02-6925-5690,070-5057-4420,정보처리,중소기업,,
359,(주)위우너스,2018,서울,서울특별시 송파구 중대로,070-4616-3297,02-2142-3297,정보처리,중소기업,,
360,(주)위즈더플래닝,2018,서울,서울특별시 금천구 가산디지털2로,02-1670-0704,02-6003-1909,정보처리,중소기업,,
361,(주)위즈코리아,2016,서울,서울특별시 강서구 양천로,02-786-7217,02-7867218,정보처리,중소기업,,
362,(주)윈어텍,2016,서울,서울특별시 구로구 디지털로27길,02-2107-2977,02-2107-2955,통신기기,중소기업,,
363,(주)윙크스톤파트너스,2021,서울,서울특별시 영등포구 의사당대로,070-5221-3443,070-4324-7771,정보처리,중소기업,,
364,(주)유니메딕스,2012,서울,서울특별시 구로구 디지털로30길,028906460,031-380-0318,의료의약,중소기업,,
365,(주)유니온콘텐츠,2021,서울,서울특별시 금천구 가산디지털2로,07077001555,0221799596,정보처리,중소기업,연구및개발업,
366,(주)유니와이드,2017,서울,서울특별시 구로구 디지털로26길,070-7306-0500,028660037,전자,중소기업,,
367,(주)유라클,2020,서울,서울특별시 강남구 봉은사로108길,0234794426,0234794405,정보처리,중소기업,,
368,(주)유비온,2021,서울,서울특별시 구로구 디지털로34길,02-2023-8787,02-6020-8591,정보처리,중소기업,,
369,(주)유아이네트웍스,2021,서울,서울특별시 중구 세종대로,02-586-0461,02-6008-6311,정보처리,중소기업,,
370,(주)유커넥,2019,서울,서울특별시 강남구 테헤란로,02-423-8302,0507-596-0766,정보처리,중소기업,,
371,(주)유프리즘,2016,서울,서울특별시 구로구 디지털로26길,070-4077-0100,023850614,정보처리,중소기업,,
372,(주)유플러스시스템,2020,서울,서울특별시 금천구 가산디지털1로,02-855-5545,02-855-5546,정보처리,중소기업,,
373,(주)이노티브아이엔씨,2019,서울,서울특별시 금천구 디지털로9길,070-7124-8930,050-7351-2043,정보처리,중소기업,,
374,(주)이루다컴,2019,서울,서울특별시 금천구 가산디지털1로,02-2622-8168,02-2622-8169,정보처리,중소기업,,
375,(주)이맥스,2021,서울,서울특별시 영등포구 경인로,07086808990,0260083165,정보처리,중소기업,,
376,(주)이스트림,2020,서울,서울특별시 금천구 가산디지털2로,02-780-9466,0264993337,정보처리,중소기업,,
377,(주)이스트소프트,1995,서울,서울특별시 서초구 반포대로,070-8850-8309,02-583-4628,정보처리,중소기업,해당사항없음,
378,(주)이스트시큐리티,2007,서울,서울특별시 서초구 반포대로,070-8850-8305,02-583-4628,정보처리,벤처기업,,
379,(주)이십일세기소프트,2018,서울,서울특별시 영등포구 선유로,02-2629-7709,02-2629-7799,정보처리,중소기업,,
380,(주)이안,2020,서울,서울특별시 강남구 봉은사로,025712344,0262808983,정보처리,중소기업,,
381,(주)이오닉스,2014,서울,서울특별시 금천구 가산디지털1로,070-7835-7600,02-2225-0099,전자,중소기업,,
382,(주)이음시스템즈,2020,서울,서울특별시 영등포구 가산디지털1로,026-925-7371,026-455-5756,정보처리,중소기업,,
383,(주)이제이엔,2021,서울,서울특별시 강남구 테헤란로,02-1600-8340,02-6455-8349,정보처리,중소기업,,
384,(주)이젬코,2019,서울,서울특별시 성동구 성수이로,022-038-2472,026-974-1172,정보처리,중소기업,,
385,(주)이지식스,2017,서울,서울특별시 강남구 봉은사로26길,010-4472-3727,02-6280-2603,정보처리,중소기업,,
386,(주)이지위드,2020,서울,서울특별시 강남구 논현로133길,025165930,025185931,정보처리,중소기업,,
387,(주)이프커뮤니티,2020,서울,서울특별시 성동구 아차산로17길,02-548-1955,02-517-1956,정보처리,중소기업,,
388,(주)이호스트아이씨티,2021,서울,서울특별시 금천구 가산디지털2로,07076005524,0264992262,정보처리,중소기업,,
389,(주)인덴트코퍼레이션,2022,서울,서울특별시 성동구 뚝섬로17가길,025363474,025363474,정보처리,중소기업,,
390,(주)인젠트,2019,서울,서울특별시 영등포구 국제금융로2길,02-6312-3305,027873699,정보처리,중소기업,,
391,(주)인지소프트,2019,서울,서울특별시 강남구 테헤란로,02-571-9571,02-3454-1700,정보처리,중소기업,,
392,(주)인컴솔루션,2021,서울,서울특별시 금천구 디지털로9길,027453820,027453821,정보처리,중소기업,,
393,(주)인코어드테크놀로지스,2022,서울,서울특별시 강남구 봉은사로,0234435800,0234435883,정보처리,중소기업,,
394,(주)인텔리시스,2021,서울,서울특별시 관악구 관악로,02-6959-8676,0505-055-8676,정보처리,중소기업,,
395,(주)인포마이닝,2020,서울,서울특별시 영등포구 도신로15라길,070-4914-2969,02-845-6327,정보처리,중소기업,,
396,(주)인포바인,2016,서울,서울특별시 영등포구 여의대로,023-775-3366,027181610,정보처리,중소기업,,
397,(주)인포웍스,2018,서울,서울특별시 금천구 가산디지털1로,02-569-3346,02-569-3346,정보처리,중소기업,,
398,(주)임픽스,2019,서울,서울특별시 동대문구 천호대로,027458324,027458327,정보처리,중소기업,,
399,(주)자버,2022,서울,서울특별시 마포구 마포대로,0264020509,0262802072,정보처리,중소기업,,
400,(주)자비스앤빌런즈,2017,서울,서울특별시 강남구 테헤란로,02-555-4344,026-442-8447,정보처리,중소기업,,
401,(주)자이닉스,2000,서울,서울특별시 구로구 디지털로31길,02-865-8801,02-865-8803,정보처리,중소기업,해당사항없음,
402,(주)재미,2020,서울,서울특별시 금천구 가산디지털1로,02-867-7662,070-8677-7662,정보처리,중소기업,,
403,(주)재성에프에이,2018,서울,서울특별시 금천구 가산디지털1로,02-2038-9170,02-2038-9970,전기,중소기업,,
404,(주)저스트큐,2021,서울,서울특별시 송파구 오금로15길,010-3130-4674,05040094674,정보처리,중소기업,,
405,(주)정원씨앤에스,2015,서울,서울특별시 강서구 마곡중앙12로,023-423-2119,023-423-2190,통신기기,중소기업,,
406,(주)제네시스랩,2021,서울,서울특별시 중구 명동길,02-6402-0118,02-6956-1449,정보처리,중소기업,,
407,(주)제노임펙트,2020,서울,서울특별시 성동구 아차산로17길,02-3444-0201,02-3444-1332,정보처리,중소기업,,
408,(주)제론소프트엔,2020,서울,서울특별시 중구 퇴계로36길,070-7764-0100,05073319153,정보처리,중소기업,,
409,(주)제스아이앤씨,2018,서울,서울특별시 구로구 디지털로,027828450,027838451,정보처리,중소기업,,
410,(주)제우스이엔지,2017,서울,서울특별시 구로구 부일로1나길,02-894-1979,02-895-1979,기계,중소기업,,
411,(주)제이니스,2018,서울,서울특별시 성동구 성수일로,022-202-0700,022-205-0725,정보처리,중소기업,,
412,(주)제이메디컬인터,2021,서울,서울특별시 금천구 벚꽃로24길,02-578-7728,,화학,중소기업,의료용품및기타의약관련제품제조업,
413,(주)제이엘케이,2021,서울,서울특별시 강남구 테헤란로33길,010-9397-3236,505-300-4051,정보처리,중소기업,,
414,(주)제이케이테크,1999,서울,서울특별시 구로구 디지털로31길,02-865-2700,02-866-2285,통신기기,중소기업,해당사항없음,
415,(주)제이티하네스,2018,서울,서울특별시 구로구 구로중앙로32길,0263266901,0263266902,전기,중소기업,,
416,(주)제일메디칼코퍼레이션,2007,서울,서울특별시 구로구 디지털로34길,02-850-3531,02-850-3895,의료의약,벤처기업,그외기타의료용기기제조업,
417,(주)제임스텍,1998,서울,서울특별시 금천구 시흥대로,02--806--7543,02--806--0075,전자,중소기업,해당사항없음,
418,(주)젬코쥬얼리,2012,서울,서울특별시 강북구 한천로109길,02-981-7400,02-989-5216,생활용품,중소기업,,
419,(주)조은아이앤에스,2016,서울,서울특별시 영등포구 선유로,02-2122-7517,050-7351-9500,정보처리,중소기업,,
420,(주)주어링,2016,서울,서울특별시 종로구 돈화문로6나길,070-7836-2812,02-765-6837,생활용품,중소기업,,
421,(주)준쥬얼리,2015,서울,서울특별시 금천구 가산디지털1로,02-2026-0426,02-2026-0420,생활용품,중소기업,,
422,(주)즐거운,2020,서울,서울특별시 강남구 언주로,025420077,07082999933,정보처리,중소기업,,
423,(주)지경솔루텍,2021,서울,서울특별시 금천구 가산디지털1로,02-6956-2131,02-6956-2132,정보처리,중소기업,,
424,(주)지에스아이엘,2018,서울,서울특별시 서초구 청계산로,070-7574-1728,026-937-0046,정보처리,중소기업,,
425,(주)지엔에이컴퍼니,2022,서울,서울특별시 서초구 방배로27길,0109571821,025958110,정보처리,중소기업,,
426,(주)지이씨일렉트로닉스,2016,서울,서울특별시 구로구 경인로53길,070-4803-7774,022-679-7673,전자,중소기업,,
427,(주)지인시스템,2018,서울,서울특별시 송파구 송파대로,02-586-1037,02-586-1039,정보처리,중소기업,,
428,(주)지테크시스템,2014,서울,서울특별시 금천구 가산디지털2로,02-859-0255,02-859-0254,통신기기,중소기업,,
429,(주)지후소프트,2020,서울,서울특별시 영등포구 경인로,02-2038-8064,02-2038-8065,정보처리,중소기업,,
430,(주)직랩,2020,서울,서울특별시 강남구 언주로,010-8846-7938,025480658,정보처리,중소기업,,
431,(주)진코퍼레이션,2000,서울,서울특별시 금천구 가산디지털1로,02-850-0259,02-850-0399,통신기기,중소기업,정보처리및기타컴퓨터운영관련업,
432,(주)짐싸,2020,서울,서울특별시 강남구 테헤란로,010-5813-2498,0218332427,정보처리,중소기업,,
433,(주)차미마케팅,2021,서울,서울특별시 금천구 가산디지털2로,0264641264,0264641265,정보처리,중소기업,,
434,(주)참슬테크,2013,서울,서울특별시 영등포구 양평로,02-716-1996,02-716-1997,통신기기,중소기업,,
435,(주)천명소프트,2017,서울,서울특별시 서초구 바우뫼로,023-463-3052,023-463-3062,정보처리,중소기업,,
436,(주)청명씨앤아이,2018,서울,서울특별시 강서구 양천로,02-6951-0159,02-3663-6226,통신기기,중소기업,,
437,(주)카스모아이티,1997,서울,서울특별시 구로구 디지털로,02--837--1600,02--837--9222,전자,중소기업,해당사항없음,
438,(주)카펜스트리트,2020,서울,서울특별시 강남구 언주로93길,028781201,020-000-0000,정보처리,중소기업,,
439,(주)칵테일미디어,2020,서울,서울특별시 구로구 디지털로,07075000397,07075000402,애니메이션,중소기업,,
440,(주)캐스트윈,2021,서울,서울특별시 강서구 마곡중앙8로1길,026-005-9000,023-661-8334,통신기기,중소기업,,
441,(주)캐스트이즈,2018,서울,서울특별시 관악구 남부순환로,02-886-6765,02-886-6763,정보처리,중소기업,,
442,(주)커널랩스,2020,서울,서울특별시 성동구 성수일로,010-2232-4426,02-3407-5446,정보처리,중소기업,,
443,(주)커먼컴퓨터,2020,서울,서울특별시 서초구 매헌로8길,01099694961,05043656770,정보처리,중소기업,,
444,(주)컬처메이커스 ,2016,서울,서울특별시 강남구 삼성로95길,02-2247-7900,02-2247-7001,정보처리,중소기업,,
445,(주)컴아트시스템,2011,서울,서울특별시 금천구 가산디지털2로,070-7122-2303,02-6305-5671,통신기기,중소기업,,
446,(주)컴투스홀딩스,2021,서울,서울특별시 금천구 가산디지털1로,070-5068-3626,02-874-6729,게임S/W,중견기업,,
447,(주)컴트루테크놀로지,1997,서울,서울특별시 마포구 성암로,02-396-7005,02-396-7780,정보처리,중소기업,해당사항없음,
448,(주)케이오비에이,2014,서울,서울특별시 구로구 부일로1나길,02-2105-5633,02-3397-7810,기계,중소기업,,
449,(주)케이지제로인,2021,서울,서울특별시 중구 통일로,02-769-9987,02-769-9989,정보처리,중소기업,,
450,(주)케이티앤씨,2000,서울,서울특별시 강서구 양천로11길,02-3662-0118,02-3662-0116,통신기기,중소기업,통신기기및방송장비제조업,
451,(주)코너스,2021,서울,서울특별시 성동구 상원1길,02-518-1047,02-518-1037,정보처리,중소기업,정보처리및기타컴퓨터운영관련업,
452,(주)코드스테이츠,2018,서울,서울특별시 서초구 서초대로,070-4735-3320,02-6964-7155,정보처리,벤처기업,,
453,(주)코드엠,2018,서울,서울특별시 금천구 서부샛길,02-0865-3995,02-6280-3995,정보처리,중소기업,,
454,(주)코라이즈테크놀로지,2011,서울,서울특별시 영등포구 여의대방로65길,02-6093-5577,02-6093-5573,정보처리,중소기업,,
455,(주)코레이즈홀딩스,2020,서울,서울특별시 성동구 연무장5길,02-1833-5805,02-6930-5605,정보처리,중소기업,,
456,(주)코리아퍼스텍,2018,서울,서울특별시 강서구 화곡로,028380300,028380302,정보처리,중소기업,,
457,(주)코비젼,2015,서울,서울특별시 강서구 마곡중앙8로7길,02-6965-3100,070-7589-3200,정보처리,중소기업,,
458,(주)코아맥스테크놀로지,2020,서울,서울특별시 금천구 가산디지털1로,026-672-4350,026-672-4380,정보처리,중소기업,,
459,(주)코아쥬얼리,2002,서울,서울특별시 성동구 아차산로,02-469-5962,02-469-5964,생활용품,중소기업,귀금속장신구및관련제품제조업,
460,(주)코엔지,2020,서울,서울특별시 금천구 가산디지털1로,02-838-6300,028394700,기계,중소기업,,
461,(주)콘텐츠브릿지,2017,서울,서울특별시 강남구 언주로,02-562-0694,02-562-0695,정보처리,중소기업,,
462,(주)콩스튜디오코리아,2017,서울,서울특별시 서초구 사임당로,025322063,025322064,게임S/W,중소기업,게임소프트웨어제작업,
463,(주)쿠콘,2021,서울,서울특별시 영등포구 영신로,0237790646,027840876,정보처리,중소기업,,
464,(주)쿼렌시스,2020,서울,서울특별시 성동구 연무장5가길,070-4773-3777,02-6442-3724,정보처리,중소기업,,
465,(주)큐센텍,2019,서울,서울특별시 영등포구 선유로,070-8280-2326,0303-3440-5412,정보처리,중소기업,,
466,(주)큐피스트(Cupist Inc.),2022,서울,서울특별시 강남구 논현로85길,025170880,0232883010,정보처리,중소기업,,
467,(주)크래프톤,2016,서울,서울특별시 강남구 테헤란로,02-6250-0802,0504-025-4921,게임S/W,중견기업,,
468,(주)크래프톤 서초,2016,서울,서울특별시 서초구 서초대로38길,02-6250-0802,0504-025-4921,정보처리,중견기업,,
469,(주)크래프트테크놀로지스,2022,서울,서울특별시 영등포구 국제금융로,024878555,024878555,정보처리,중소기업,,
470,(주)크레스라이트,2019,서울,서울특별시 강서구 마곡동로8길,0269526829,0269526828,전기,중소기업,,
471,(주)크리마,2020,서울,서울특별시 성동구 아차산로17길,010-4816-2688,0262808290,정보처리,중소기업,,
472,(주)크리에이트립,2020,서울,서울특별시 강남구 강남대로,070-4327-2312,0269512763,정보처리,중소기업,,
473,(주)클라루스,2019,서울,서울특별시 중랑구 면목로34길,02-515-5018,02-515-5019,전기,중소기업,,
474,(주)클라썸,2019,서울,서울특별시 강남구 테헤란로2길,02-6091-2897,070-8237-0109,정보처리,중소기업,,
475,(주)클라우드네트웍스,2022,서울,서울특별시 강남구 영동대로96길,025458324,025459779,정보처리,중소기업,,
476,(주)클래게임즈,2019,서울,서울특별시 강남구 봉은사로,0264152600,----,게임S/W,중소기업,,
477,(주)클래시스,2019,서울,서울특별시 송파구 법원로11길,070-4739-8940,02-6008-3457,의료의약,중소기업,,
478,(주)탈잉,2019,서울,서울특별시 성동구 아차산로,010-5008-5049,02-6305-1607,정보처리,중소기업,,
479,(주)탑테크이십일,2012,서울,서울특별시 금천구 가산디지털2로,02-862-3964,02-861-2556,철강,중소기업,,
480,(주)태산인디고,2021,서울,서울특별시 중구 충무로,0222692488,0222692489,화학,중소기업,,
481,(주)터치터치,2016,서울,서울특별시 노원구 광운로,070-8258-9286,0504-200-9286,정보처리,중소기업,,
482,(주)테르텐,2019,서울,서울특별시 구로구 디지털로26길,02-6952-7075,02-6952-7076,정보처리,중소기업,,
483,(주)테이크원컴퍼니,2019,서울,서울특별시 강남구 봉은사로,02-6959-6108,02-6959-6109,게임S/W,중소기업,,
484,(주)테이텀,2021,서울,서울특별시 강남구 테헤란로,02-6949-2446,020000000,정보처리,중소기업,,
485,(주)텐핑거스,2020,서울,서울특별시 서초구 나루터로,070-4410-8836,00000000000,정보처리,중소기업,,
486,(주)텔루스,2020,서울,서울특별시 영등포구 당산로41길,0264868800,0264868900,정보처리,중소기업,,
487,(주)템퍼스,2021,서울,서울특별시 노원구 공릉로,029446513,029446522,전자,중소기업,,
488,(주)토이스미스,2015,서울,서울특별시 강남구 논현로67길,070-7563-8336,070-7563-8337,정보처리,중소기업,,
489,(주)투게더앱스,2019,서울,서울특별시 강남구 논현로111길,02-6959-5812,02-6959-5819,정보처리,중소기업,,
490,(주)투비원솔루션즈,2018,서울,서울특별시 송파구 법원로,02-6951-1761,02-6951-1762,정보처리,중소기업,,
491,(주)투윈스컴,1997,서울,서울특별시 성동구 아차산로11길,02-3409-0811,02-3409-2366,통신기기,중소기업,해당사항없음,
492,(주)튜링,2021,서울,서울특별시 강남구 테헤란로,070-4281-4869,02-6499-9161,정보처리,중소기업,,
493,(주)트루엔,2013,서울,서울특별시 구로구 디지털로33길,02-6738-6000,02-2108-1595,통신기기,중소기업,,
494,(주)트리거파트너스,2020,서울,서울특별시 강남구 논현로114길,02-785-2016,070-8282-6888,정보처리,중소기업,,
495,(주)트릿지,2021,서울,서울특별시 서초구 방배로,02-6953-5601,02-6674-6600,정보처리,중소기업,,
496,(주)티라유텍,2013,서울,서울특별시 강남구 학동로5길,02-3461-6531,02-3461-6532,정보처리,중소기업,,
497,(주)티벨,2021,서울,서울특별시 강남구 강남대로,07077779113,07076107540,정보처리,중소기업,,
498,(주)티에이치센서,2013,서울,서울특별시 금천구 가산디지털2로,02-897-0095,02-897-0096,전자,중소기업,,
499,(주)티엔씨테크날로지,2000,서울,서울특별시 강남구 도곡로,023-446-4191,023-446-4194,정보처리,중소기업,해당사항없음,
500,(주)티지360테크놀로지스,2020,서울,서울특별시 강남구 테헤란로,02-6077-9900,02-6077-9999,정보처리,중소기업,,
501,(주)티클,2021,서울,서울특별시 용산구 이태원로,010-2948-7309,050-7531-7309,정보처리,중소기업,,
502,(주)팀엘리시움,2018,서울,서울특별시 서초구 효령로29길,070-8624-0516,070-4324-5846,정보처리,중소기업,,
503,(주)팀오투,2020,서울,서울특별시 강남구 테헤란로2길,02-6249-0202,02-511-3223,정보처리,중소기업,정보처리및기타컴퓨터운영관련업,
504,(주)파루씨앤씨,2020,서울,서울특별시 구로구 디지털로33길,02-6341-8600,026-341-8609,정보처리,중소기업,,
505,(주)파모즈,2018,서울,서울특별시 마포구 토정로,02-332-8148,02-332-8147,정보처리,중소기업,,
506,(주)파운트,2020,서울,서울특별시 중구 한강대로,0220380263,0262808454,정보처리,중소기업,,
507,(주)파이랩테크놀로지,2019,서울,서울특별시 성동구 성수일로8길,02-552-3720,0508-900-3895,정보처리,중소기업,,
508,(주)파이퀀트,2021,서울,서울특별시 용산구 한강대로,02-2088-8765,070-4032-7566,정보처리,중소기업,,
509,(주)파코코리아인더스,2019,서울,서울특별시 금천구 두산로,022-169-2500,022-169-2549,전자,중소기업,,
510,(주)팝콘솔루션,2021,서울,서울특별시 광진구 광나루로,02--363--8118,02--363--8118,정보처리,중소기업,,
511,(주)퍼니글루,2009,서울,서울특별시 마포구 성암로,02-3153-7241,02-303-2258,게임S/W,벤처기업,,
512,(주)퍼니플럭스,2021,서울,서울특별시 마포구 매봉산로,02-376-0999,02-777-9391,애니메이션,중소기업,,
513,(주)퍼플랩,2015,서울,서울특별시 강남구 테헤란로8길,02-6182-4634,02-6182-4635,게임S/W,중소기업,,
514,(주)퍼플랩스,2020,서울,서울특별시 강남구 선릉로93길,070-4754-2278,070-4754-2279,정보처리,중소기업,,
515,(주)펄핏,2021,서울,서울특별시 강남구 역삼로17길,0266775353,0266775353,정보처리,중소기업,,
516,(주)페라솔루션,2021,서울,서울특별시 중구 퇴계로,02-907-9297,02-2268-9481,정보처리,중소기업,,
517,(주)페르세우스,2021,서울,서울특별시 강남구 테헤란로,010-5048-5908,02-3487-9077,정보처리,중소기업,,
518,(주)페이머스워커,2021,서울,서울특별시 금천구 가산디지털1로,02-6269-1101,070-7007-2300,게임S/W,중소기업,,
519,(주)페이크아이즈,2021,서울,서울특별시 마포구 월드컵북로,070-4910-8013,0303-3444-8013,게임S/W,중소기업,,
520,(주)페이타랩,2021,서울,서울특별시 강남구 영동대로85길,070-4895-6476,05054861233,정보처리,중소기업,,
521,(주)페이히어,2021,서울,서울특별시 강남구 강남대로,02-6956-6622,02-6956-6620,정보처리,중소기업,,
522,(주)페칭,2021,서울,서울특별시 서초구 사평대로55길,070-4259-5076,050-4722-8045,정보처리,중소기업,정보처리및기타컴퓨터운영관련업,
523,(주)포비즈코리아,2019,서울,서울특별시 서초구 바우뫼로37길,0220582214,0220582215,정보처리,중소기업,,
524,(주)포스윈,2017,서울,서울특별시 구로구 디지털로31길,070-4633-2500,070-4015-2500,정보처리,중소기업,,
525,(주)포시에스,2013,서울,서울특별시 강남구 논현로,02-6188-8200,0261888480,정보처리,중소기업,,
526,(주)포티투마루,2018,서울,서울특별시 서초구 신반포로,02-6952-9201,02-6952-9202,정보처리,중소기업,,
527,(주)폴리큐브,2012,서울,서울특별시 강남구 테헤란로86길,02--554--6295,02--554--6583,정보처리,중소기업,,
528,(주)푸른기술가산공장,2020,서울,서울특별시 금천구 가산디지털2로,0269594301,028691633,통신기기,중소기업,,
529,(주)푸른망아지,2021,서울,서울특별시 관악구 남부순환로,070-7178-4912,070-7004-3879,정보처리,중소기업,,
530,(주)퓨처로봇,2015,서울,서울특별시 강남구 역삼로,02-508-6860,02-568-6865,정보처리,중소기업,,
531,(주)퓨쳐위즈,2008,서울,서울특별시 강남구 테헤란로4길,010-2319-5598,026-008-8910,정보처리,대기업,,
532,(주)프라이빗노트,2021,서울,서울특별시 관악구 관악로,02-539-3005,05089325801,정보처리,중소기업,,
533,(주)프람트테크놀로지,2020,서울,서울특별시 강남구 논현로81길,025536441,025536442,정보처리,중소기업,,
534,(주)프러스상사,2014,서울,서울특별시 영등포구 선유로54길,02-2679-4131,02-2679-4130,기계,중소기업,,
535,(주)프로젝트노아,2020,서울,서울특별시 구로구 디지털로29길,070-8845-2030,02-2672-2030,생활용품,중소기업,,
536,(주)프리윌린,2019,서울,서울특별시 관악구 관악로,010-2909-1864,02-6008-5635,정보처리,중소기업,,
537,(주)플라스크,2021,서울,서울특별시 강남구 테헤란로79길,020000000,0200000000,정보처리,중소기업,,
538,(주)플랜잇헬스케어,2021,서울,서울특별시 강남구 역삼로,02-6498-9920,02-6488-9936,정보처리,중소기업,,
539,(주)플레이오토,2013,서울,서울특별시 구로구 디지털로26길,070-7011-6093,02-6925-4604,정보처리,중소기업,,
540,(주)플레이하드,2021,서울,서울특별시 마포구 양화로,070-4322-1757,070-4322-1758,정보처리,대기업,,
541,(주)플리토,2020,서울,서울특별시 강남구 테헤란로,07042353201,07082440142,정보처리,중소기업,,
542,(주)피르마이노베이션그룹,2021,서울,서울특별시 중구 퇴계로,02-6250-5309,02-6312-8970,정보처리,중소기업,,
543,(주)피씨엔,2018,서울,서울특별시 강남구 학동로,02-565-7740,02-565-7790,정보처리,중소기업,,
544,(주)피알앤디컴퍼니,2016,서울,서울특별시 서초구 서초대로74길,02-1599-4783,0504-339-1385,정보처리,중소기업,,
545,(주)피에조테크놀리지,2015,서울,서울특별시 중랑구 봉화산로,02-3421-0371,0315720373,전기,중소기업,,
546,(주)피플벤처스,2021,서울,서울특별시 마포구 성암로,0220886378,05080908877,정보처리,중소기업,데이터베이스및온라인정보제공업,
547,(주)피플펀드컴퍼니,2018,서울,서울특별시 서초구 서초대로74길,02-6212-2181,,정보처리,중소기업,,
548,(주)픽소,2021,서울,서울특별시 마포구 월드컵북로6길,010-7176-7664,050-4266-8755,정보처리,중소기업,,
549,(주)핀다,2020,서울,서울특별시 강남구 테헤란로,02-6959-1335,02-6442-1330,정보처리,중소기업,,
550,(주)핀업,2020,서울,서울특별시 강남구 삼성로95길,025658138,025655755,정보처리,중소기업,컴퓨터및패키지소프트웨어도매업,
551,(주)필라넷,2019,서울,서울특별시 강남구 도산대로,02-2008-3600,02-562-4130,정보처리,중소기업,,
552,(주)핑거,2018,서울,서울특별시 영등포구 여의대로,02-799-2548,02-799-2500,정보처리,중소기업,,
553,(주)하우스오브리벨스,2020,서울,서울특별시 강남구 논현로134길,070-7750-5252,0000,정보처리,중소기업,,
554,(주)하이디어솔루션즈,2020,서울,서울특별시 성동구 아차산로,0262036500,0262036502,통신기기,중소기업,,
555,(주)하이어엑스,2020,서울,서울특별시 중구 남대문로9길,070-7122-0913,0303-3448-0913,정보처리,중소기업,,
556,(주)하이컴텍,2017,서울,서울특별시 금천구 가산디지털1로,02-1566-8591,02-861-4409,정보처리,중소기업,,
557,(주)하이퍼리즘,2018,서울,서울특별시 관악구 관악로,02-6368-1838,070-8220-6366,정보처리,중소기업,,
558,(주)한강기전,1997,서울,서울특별시 영등포구 선유로33길,02-2678-4455,02-2672-3051,전기,중소기업,해당사항없음,
559,(주)한국기업보안,2019,서울,서울특별시 서초구 강남대로99길,02-514-7786,02-6008-7335,정보처리,중소기업,,
560,(주)한국아이티컨설팅,2021,서울,서울특별시 서초구 서초중앙로,02-582-2400,02-583-9242,정보처리,중소기업,프로그램공급업,
561,(주)한국퍼버트기연,1992,서울,서울특별시 구로구 부일로1나길,02-2637-0111,02-2637-3780,기계,중소기업,해당사항없음,
562,(주)한국해양기상기술,2020,서울,서울특별시 구로구 경인로53길,0236673255,0260083334,정보처리,중소기업,,
563,(주)한성,2016,서울,서울특별시 강서구 마곡중앙8로7길,070-7595-7111,027145714,통신기기,중견기업,,
564,(주)한터글로벌,2020,서울,서울특별시 강남구 봉은사로109길,02-449-2347,02-449-2256,정보처리,중소기업,,
565,(주)합동전자산업,2017,서울,서울특별시 영등포구 양산로,02-3273-0011,027011615,통신기기,중소기업,,
566,(주)해긴,2019,서울,서울특별시 구로구 경인로,02-6951-5001,02-6455-6951,게임S/W,중소기업,,
567,(주)해올정보기술,2021,서울,서울특별시 서초구 서초중앙로,02-525-5551,02-525-5846,정보처리,중소기업,,
568,(주)핸디커뮤니케이션즈,2016,서울,서울특별시 금천구 가산디지털1로,023-289-9437,02-6455-5934,정보처리,중소기업,,
569,(주)헤렌,2018,서울,서울특별시 성동구 성수일로8길,02-469-9575,02-465-9575,정보처리,중소기업,,
570,(주)헥슬란트,2019,서울,서울특별시 강남구 강남대로,070-7711-2733,---,정보처리,중소기업,,
571,(주)헬로월드,2016,서울,서울특별시 강남구 봉은사로18길,02-6925-7375,025546884,정보처리,중소기업,,
572,(주)헬스허브,2021,서울,서울특별시 서초구 강남대로101길,02-511-3601,02-548-6646,정보처리,중소기업,,
573,(주)협성히스코,1993,서울,서울특별시 영등포구 선유로43길,02-2677-6041,022-039-3512,기계,중소기업,해당사항없음,
574,(주)화인쥬얼리,2011,서울,서울특별시 서초구 남부순환로315길,02-598-8787,02-3471-7726,생활용품,중소기업,,
575,(주)휴노,2021,서울,서울특별시 마포구 마포대로,070-4603-1827,02-313-4048,정보처리,중소기업,,
576,(주)휴니크,2020,서울,서울특별시 영등포구 경인로,02-545-4824,02-545-4834,기계,중소기업,,
577,(주)휴레이포지티브,2022,서울,서울특별시 강남구 강남대로,025140406,0221391139,정보처리,중소기업,,
578,(주)휴마트컴퍼니,2018,서울,서울특별시 서초구 강남대로,02-6435-1242,02-6081-1242,정보처리,중소기업,,
579,(주)휴먼스케이프,2019,서울,서울특별시 강남구 봉은사로86길,070-4900-1130,070-8630-2002,정보처리,중소기업,,
580,(주)휴먼플러스,2017,서울,서울특별시 영등포구 당산로41길,02-718-1500,02-718-1300,정보처리,중소기업,,
581,(주)휴메카정보통신,2013,서울,서울특별시 중구 마장로,02-2266-2796,02-2266-2799,정보처리,중소기업,,
582,(주)휴엔시스템,2018,서울,서울특별시 금천구 가산디지털1로,02-861-0216,0504-844-0215,정보처리,중소기업,,
583,(주)히스코센서,2016,서울,서울특별시 영등포구 선유로3길,02-2284-3737,02-2284-3740,전자,중소기업,,
584,㈜공간소프트,2013,서울,서울특별시 금천구 가산디지털1로,070-4257-3009,070-4196-8128,정보처리,중소기업,,
585,㈜나무애니메이션,2020,서울,서울특별시 금천구 디지털로,02-858-1342,02-867-1340,애니메이션,중소기업,,
586,㈜나트리스,2020,서울,서울특별시 영등포구 여의대로,026-951-1610,026-951-1611,게임S/W,중소기업,,
587,㈜넥스텝스튜디오,2020,서울,서울특별시 서초구 서초중앙로,025575081,02-587-7429,게임S/W,중소기업,게임소프트웨어제작업,
588,㈜달콤소프트,2020,서울,서울특별시 강남구 대치동 ,02--548--9531,02--548--9532,게임S/W,중소기업,,
589,㈜대주메디테크엔지니어링,2020,서울,서울특별시 성동구 성수일로10길,0222080905,024380905,의료의약,중소기업,,
590,㈜로이비쥬얼,2022,서울,서울특별시 강남구 학동로30길,07046406857,0234452193,애니메이션,중소기업,,
591,㈜모비릭스,2020,서울,서울특별시 금천구 가산디지털1로,02-2028-5701,022-028-5714,게임S/W,중소기업,게임소프트웨어제작업,
592,㈜무신사랩,2022,서울,서울특별시 성동구 아차산로13길,070-5129-2630,02-6280-4128,정보처리,중견기업,,
593,㈜버프스튜디오,2019,서울,서울특별시 구로구 디지털로34길,070-4324-4131,030334414887,게임S/W,중소기업,,
594,㈜브릭슨,2021,서울,서울특별시 성동구 광나루로8길,02-2633-8820,02-2038-8488,애니메이션,중소기업,교육서비스업,
595,㈜선우앤컴퍼니,2021,서울,서울특별시 구로구 디지털로32길,02-2103-8003,02-2103-8096,애니메이션,중소기업,농업,
596,㈜수성엔지니어링서울지점,2022,서울,서울특별시 송파구 정의로8길,0221429296,0221429075,국내건설,중견기업,,
597,㈜스토리타코,2020,서울,서울특별시 금천구 가산디지털1로,02-6671-8352,0303-3443-5023,게임S/W,중소기업,,
598,㈜스튜디오미르,2020,서울,서울특별시 금천구 디지털로9길,02-862-0571,02-862-0589,애니메이션,중소기업,,
599,㈜안트로젠,2020,서울,서울특별시 금천구 디지털로,0221040391,022-104-0391,의료의약,중소기업,,
600,㈜에스엔씨엔터테인먼트,2020,서울,서울특별시 금천구 가산디지털1로,070-7798-2621,0504-066-2621,게임S/W,중소기업,,
601,㈜에이아이더뉴트리진서울사무소,2019,서울,서울특별시 강남구 논현로,02-563-2244,02-2179-8303,정보처리,중소기업,,
602,㈜에코트론,2022,서울,서울특별시 금천구 디지털로9길,0220253760,0220253764,의료의약,중소기업,,
603,㈜이엔피게임즈,2020,서울,서울특별시 금천구 벚꽃로,070-4651-5880,070-4325-7217,게임S/W,중소기업,,
604,㈜인트로메딕,2020,서울,서울특별시 구로구 디지털로31길,028019311,028019330,의료의약,중소기업,,
605,㈜제이브라운,2020,서울,서울특별시 구로구 디지털로27길,02-2028-3600,02-868-7199,식음료,중소기업,,
606,㈜참케어,2020,서울,서울특별시 금천구 가산디지털1로,07047426561,028625065,의료의약,중소기업,,
607,㈜퍼즐몬스터즈,2020,서울,서울특별시 관악구 봉천로,010-7128-7663,,게임S/W,중소기업,,
608,㈜포니게임즈,2020,서울,서울특별시 마포구 성미산로,02-332-4887,,게임S/W,중소기업,,
609,㈜프롬더레드,2020,서울,서울특별시 서대문구 북아현로,02-393-2574,023920383,게임S/W,중소기업,,
610,㈜피앤피시큐어,2020,서울,서울특별시 강서구 마곡서로,026-988-1123,026-988-1299,정보처리,중소기업,컴퓨터및패키지소프트웨어도매업,
611,㈜한국금거래소쓰리엠,2022,서울,서울특별시 종로구 돈화문로5가길,07047170739,027416314,생활용품,중견기업,,
612,"가우디오랩 주식회사(Gaudio Lab, Inc.)",2021,서울,서울특별시 강남구 테헤란로,025621968,025621877,정보처리,중소기업,,
613,강우기업(주),2015,서울,서울특별시 서초구 서초대로52길,02-521-9933,02-522-3040,국내건설,중소기업,,
614,경보전기(주),1997,서울,서울특별시 성동구 성수일로12가길,02-465-1138,02-497-2240,전기,중소기업,해당사항없음,
615,경인계측시스템(주),2014,서울,서울특별시 금천구 가산디지털2로,02-839-4788,02-839-4789,기계,중소기업,,
616,구루멘토링(주),2020,서울,서울특별시 구로구 디지털로,0222247321,0269371321,정보처리,중소기업,,
617,굿모니터링(주),2020,서울,서울특별시 서대문구 간호대로3길,07049481274,027779537,정보처리,중소기업,,
618,기능올림픽,2000,서울,서울특별시 영등포구 여의대방로43길,,,기능특기자,해당사항없음,전자코일,
619,기분좋은커뮤니케이션,2019,서울,서울특별시 구로구 디지털로,02-3141-1347,02-3142-5450,정보처리,중소기업,,
620,기산전자(주),2008,서울,서울특별시 성동구 성수이로20길,02-2204-7883,02-2204-7899,기계,중소기업,,
621,김스애드,2020,서울,서울특별시 중랑구 용마산로,024379151,024379156,철강,중소기업,,
622,나오테크놀로지스(주),2002,서울,서울특별시 금천구 가산디지털1로,02-2109-2601,02-2109-2699,전기,중소기업,전기회로개폐,
623,나온아이앤티(주),2014,서울,서울특별시 금천구 가산디지털1로,02-2627-5787,02-2627-5789,통신기기,중소기업,,
624,나인파이브,2018,서울,서울특별시 서초구 사임당로,02--456--7838,02--456--7837,정보처리,중소기업,,
625,넛지헬스케어 주식회사,2021,서울,서울특별시 강남구 역삼로1길,070-4942-6856,050-4842-0418,정보처리,중소기업,,
626,네오그라프,2015,서울,서울특별시 금천구 가산디지털2로,02-541-5331,02-541-5338,정보처리,중소기업,,
627,누비랩,2021,서울,서울특별시 강남구 테헤란로,010-5042-0466,050-4190-3791,정보처리,중소기업,,
628,뉴티씨,2013,서울,서울특별시 서초구 효령로,02-704-4774,02-704-4733,전자,벤처기업,,
629,다손테크(주)(지점),2018,서울,서울특별시 금천구 서부샛길,031-932-3082,02-858-3083,정보처리,중소기업,,
630,다솜네트웍스(주),2020,서울,서울특별시 마포구 백범로,026-357-1004,026-004-5953,정보처리,중소기업,,
631,다야몬즈㈜,2021,서울,서울특별시 송파구 법원로,02-560-4813,025604816,게임S/W,중소기업,,
632,다인리더스,2020,서울,서울특별시 성동구 성수일로8길,025142060,025142062,정보처리,중소기업,,
633,다한정보기술,2020,서울,서울특별시 금천구 서부샛길,02-861-8088,02-861-8089,정보처리,중소기업,,
634,단비코리아,2020,서울,서울특별시 성동구 성수일로,02-1544-3829,02-6000-9461,정보처리,중소기업,,
635,당근마켓,2019,서울,서울특별시 서초구 강남대로,010-2472-2014,030334414253,정보처리,중소기업,,
636,대가파우더시스템(주),2021,서울,서울특별시 구로구 부일로1나길,02-2613-5257,02-2616-5258,기계,중소기업,,
637,대신엔터프라이즈,2015,서울,서울특별시 구로구 디지털로33길,02-2108-2198,02-2108-2181,의료의약,중소기업,,
638,대윤계기산업(주),2001,서울,서울특별시 구로구 디지털로31길,02-858-6870,02-866-9422,전자,중소기업,기타측정,
639,데브시스터즈(주),2011,서울,서울특별시 강남구 도산대로,070-8828-9699,070-8895-0430,정보처리,중소기업,,
640,데이블,2020,서울,서울특별시 강남구 테헤란로,070-5178-9027,030334463336,정보처리,중소기업,,
641,데일리펀딩,2020,서울,서울특별시 강남구 언주로,025629666,025629668,정보처리,중소기업,,
642,델타기계(주),2020,서울,서울특별시 구로구 부일로1나길,02-6096-7605,02-2618-8726,기계,중소기업,,
643,돈흥실업(주),1999,서울,서울특별시 금천구 가산디지털1로,02-868-9849,02-861-2912,기계,중소기업,해당사항없음,
644,두나무(주),2016,서울,서울특별시 강남구 테헤란로4길,070-8230-3391,025678455,정보처리,대기업,,
645,두양건축,2020,서울,서울특별시 강남구 역삼로37길,0234521222,0234528781,국내건설,중소기업,,
646,듀코젠,2020,서울,서울특별시 마포구 성암로,02-305-5002,05042903098,정보처리,중소기업,,
647,드제이,2019,서울,서울특별시 마포구 양화로12길,02-2266-4433,0504-347-2268,정보처리,중소기업,,
648,디노플러스(주),2020,서울,서울특별시 강남구 선릉로112길,025496669,025482224,정보처리,중소기업,,
649,디딤365 주식회사 (Didim365 Inc.),2019,서울,서울특별시 금천구 디지털로9길,070-7784-5383,026-008-2076,정보처리,중소기업,,
650,디비비전(주),2015,서울,서울특별시 금천구 디지털로9길,02-3272-9737,02-3272-9027,정보처리,중소기업,,
651,디앤에스에버 주식회사,1999,서울,서울특별시 강남구 강남대로,070-4639-5250, 02-6455-5336,정보처리,중소기업,,
652,디어코퍼레이션,2020,서울,서울특별시 강남구 봉은사로82길,070-7731-8651,02--466--9086,정보처리,중소기업,,
653,디지탈센스,2019,서울,서울특별시 금천구 벚꽃로,023-473-7760,023-473-7720,정보처리,중소기업,,
654,라온스토리,2020,서울,서울특별시 금천구 가산디지털2로,070-7010-7108,02--852--1198,정보처리,중소기업,,
655,라온화이트햇,2018,서울,서울특별시 강남구 테헤란로,070-8240-5732,02-565-5350,정보처리,중소기업,,
656,라임프렌즈,2020,서울,서울특별시 금천구 가산디지털1로,05059010608,05059050608,정보처리,중소기업,,
657,람다256주식회사,2019,서울,서울특별시 강남구 테헤란로4길,010-9124-5164,02-568-2561,정보처리,대기업,,
658,레드테이블,2019,서울,서울특별시 중구 명동3길,026-964-7955,050-5459-3750,정보처리,중소기업,,
659,로앤굿 주식회사,2021,서울,서울특별시 강남구 테헤란로83길,010-5102-2543,0269533777,정보처리,중소기업,,
660,로완,2018,서울,서울특별시 중구 통일로,02-6731-0810,02-6930-5569,정보처리,중소기업,,
661,리디(주),2017,서울,서울특별시 강남구 테헤란로,02-6196-0313,02-6012-0332,정보처리,중소기업,,
662,리서치이노션,2022,서울,서울특별시 강남구 강남대로,07088276052,0269541018,정보처리,중소기업,,
663,마이뮤직테이스트,2019,서울,서울특별시 강남구 논현로131길,070-8808-1492,070-4850-8145,정보처리,중소기업,,
664,마인드로직 주식회사,2021,서울,서울특별시 중구 삼일대로,070-5102-6560,0505-960-9770,정보처리,중소기업,,
665,마크애니,2015,서울,서울특별시 중구 퇴계로,02-2262-5200,02-2262-5333,정보처리,중소기업,,
666,마피아컴퍼니,2019,서울,서울특별시 용산구 한강대로,02-2299-8879,---,정보처리,중소기업,,
667,매드오카,2018,서울,서울특별시 구로구 디지털로,02-2082-1640,02-2082-1641,정보처리,중소기업,,
668,매스프레소,2018,서울,서울특별시 강남구 선릉로,010-7511-5210,023229434,정보처리,중소기업,,
669,매쓰팡,2021,서울,서울특별시 관악구 관악로,010-8956-6382,0504-230-6382,정보처리,중소기업,,
670,메가존(주),2019,서울,서울특별시 강남구 논현로85길,02-2108-9238,0507-0339-9142,정보처리,중견기업,,
671,메가존클라우드(주),2019,서울,서울특별시 강남구 논현로85길,02-2108-9105,0221092599,정보처리,중견기업,,
672,메디컬아이피(주),2020,서울,서울특별시 종로구 대학로,0221359148,0221359149,정보처리,중소기업,,
673,메인테크플랜트(주),2011,서울,서울특별시 양천구 목동동로,02-2168-3341,02-2168-3343,국내건설,중소기업,,
674,메타빌드(주),1999,서울,서울특별시 서초구 서초중앙로,02-598-3327,02-598-3329,정보처리,중소기업,해당사항없음,
675,모두닥 주식회사,2021,서울,서울특별시 강남구 테헤란로2길,010-3137-2748,020000000,정보처리,중소기업,,
676,모디엠,2018,서울,서울특별시 성동구 성수일로4길,02-2115-8921,02-2115-8924,정보처리,중소기업,,
677,모바일엔트로피,2020,서울,서울특별시 마포구 독막로,02-717-5196,02-717-5159,정보처리,중소기업,,
678,모비어스앤밸류체인(주),2020,서울,서울특별시 강남구 테헤란로,02-598-5836,02-598-5838,정보처리,중견기업,,
679,무브 주식회사,2010,서울,서울특별시 강남구 테헤란로55길,070-4353-3541,02-6008-8286,정보처리,벤처기업,,
680,뮤직카우,2021,서울,서울특별시 중구 세종대로,02-4616-5494,07046166155,정보처리,중소기업,,
681,미래이앤아이,2015,서울,서울특별시 금천구 디지털로9길,022-027-5858,022-027-5855,전기,중소기업,,
682,미림미디어랩(주),2016,서울,서울특별시 마포구 매봉산로,02-6275-2020,02-2179-9363,정보처리,중소기업,,
683,반석정밀공업(주),2011,서울,서울특별시 성동구 왕십리로,02--469--1239,02--469--6955,기계,중소기업,,
684,버바검프(주),2020,서울,서울특별시 서초구 서초대로,01062904330,0269495418,정보처리,중소기업,,
685,버즈빌,2019,서울,서울특별시 송파구 석촌호수로,010-2722-9033,022-202-5513,정보처리,중소기업,,
686,베이글코드,2015,서울,서울특별시 강남구 테헤란로,010-2501-9945,02-6008-0784,게임S/W,중소기업,,
687,보은전자방송통신(주),1995,서울,서울특별시 강서구 양천로57길,02-2659-0333,02-2659-8133,통신기기,중소기업,해당사항없음,
688,브이씨엔씨(주),2013,서울,서울특별시 강남구 테헤란로,010-2251-3164,050-5296-1234,정보처리,중견기업,,
689,블록웨어,2019,서울,서울특별시 송파구 법원로,07041850512,---,정보처리,중소기업,,
690,비디에스인포컴(주),2017,서울,서울특별시 금천구 가산디지털1로,022126811,0264990733,정보처리,중소기업,,
691,비브로스,2017,서울,서울특별시 영등포구 여의대로,070-4203-5835,02-6442-2300,정보처리,중소기업,,
692,비주얼캠프,2019,서울,서울특별시 서초구 매헌로16길,070-7945-7799,030334477798,정보처리,중소기업,,
693,비트루브,2020,서울,서울특별시 강남구 논현로,02--883--0624,028820624,정보처리,중소기업,,
694,비트바이트,2020,서울,서울특별시 마포구 마포대로,02-0000-0000,0504-098-2554,정보처리,중소기업,,
695,빅펄주식회사,2019,서울,서울특별시 강남구 테헤란로63길,02-6080-6111,050-8098-6111,정보처리,중소기업,,
696,사이클롭스주식회사,2019,서울,서울특별시 강남구 강남대로124길,070-7795-0048,0504-261-0196,정보처리,중소기업,,
697,삼정데이타서비스(주),1999,서울,서울특별시 구로구 디지털로,02-2029-0130,02-544-6008,정보처리,중소기업,해당사항없음,
698,상상스토리(주),2021,서울,서울특별시 구로구 디지털로,02-6677-3082,02-6677-3085,정보처리,중소기업,,
699,서울도봉구농어민후계,2014,서울,서울특별시 서초구 헌인릉1길,02-459-6754,00000000,후계농업민,농어민후계 등,,
700,서울서초구농어민후계,2005,서울,서울특별시 서초구 헌인릉1길,02-459-6752,02-459-8744,후계농업민,해당사항없음,농업,
701,서울시스템(주),2017,서울,서울특별시 종로구 경희궁길,02--510--0600,02--738--0668,정보처리,중소기업,,
702,서울중랑구농어민후계,1993,서울,,02-459-6752,02-459-8744,후계농업민,해당사항없음,해당사항없음,
703,서울청민원안내용업체,2019,서울,서울특별시 영등포구 여의대방로43길,028204499,028204151,생활용품,중소기업,,
704,석영엠앤티,2018,서울,서울특별시 구로구 신도림로,02-2672-4966,02-2632-0590,기계,중소기업,,
705,성민네트웍스,2019,서울,서울특별시 구로구 디지털로,070-4395-8937,023624681,정보처리,중소기업,,
706,성원에이씨공업(주),2021,서울,서울특별시 구로구 부일로815번길,0226789339,0226789334,기계,중소기업,자동차부품제조업,
707,성호반도체(주),2001,서울,서울특별시 구로구 디지털로26길,02-853-3861,02-853-3863,전자,벤처기업,그외기타전자부품제조업,
708,세기정보통신(주),1998,서울,서울특별시 구로구 디지털로,02-797-5511,02-867-5900,정보처리,중소기업,해당사항없음,
709,세종콜렉션,2019,서울,서울특별시 성동구 상원12길,024648840,024648843,철강,중소기업,,
710,세창인스트루먼트,2019,서울,서울특별시 구로구 디지털로26길,0262921000,0262921099,전자,중소기업,,
711,셀렉트스타 주식회사,2020,서울,서울특별시 강남구 테헤란로20길,01043550591,0200000000,정보처리,중소기업,,
712,솔닥 (주),2022,서울,서울특별시 강남구 도산대로,01099638523,0269547676,정보처리,중소기업,,
713,솔트웨어(주),2014,서울,서울특별시 구로구 디지털로34길,010-9959-9029,022-025-4935,정보처리,중소기업,,
714,송우전자(주),1997,서울,서울특별시 구로구 디지털로31길,02-3281-6333,02-3281-2666,통신기기,중소기업,해당사항없음,
715,수정전자산업(주),1993,서울,서울특별시 서대문구 통일로,02-737-2329,0507-1790-5778,전자,중소기업,해당사항없음,
716,슈어엠(주),2000,서울,서울특별시 광진구 광나루로56길,021-588-4640,024574640,정보처리,중소기업,해당사항없음,
717,스마트쿱(주),2020,서울,서울특별시 성동구 왕십리로,02-548-6969,02-512-3490,정보처리,중소기업,,
718,스탠다드네트웍스주식회사,2017,서울,서울특별시 강남구 봉은사로18길,023-485-6793,023-485-6710,정보처리,중소기업,,
719,스테이폴리오,2020,서울,서울특별시 종로구 자하문로9길,02-1670-4123,02-733-4123,정보처리,중소기업,여행알선,
720,스트라티오코리아,2019,서울,서울특별시 서초구 명달로,0262057456,0407000000,정보처리,중소기업,,
721,스페이스워크(주),2020,서울,서울특별시 성동구 왕십리로,02-2138-8030,02-6280-8036,정보처리,중소기업,,
722,승현정밀(주),2013,서울,서울특별시 영등포구 선유서로31길,02-2671-1538,02-2637-1532,기계,중소기업,,
723,시너지에이아이 주식회사,2021,서울,서울특별시 강서구 양천로,010-7900-2539,00-000-0000,정보처리,중소기업,,
724,시스메이트,2018,서울,서울특별시 금천구 가산디지털1로,070-4018-4900,02-858-1545,전자,중소기업,전자부품,
725,심심이(주),2013,서울,서울특별시 강남구 테헤란로78길,02-562-5332,02-554-6334,정보처리,중소기업,,
726,씨드로닉스,2021,서울,서울특별시 성동구 광나루로,02-552-1201,05078044946,기계,중소기업,,
727,씨씨알(주),1996,서울,서울특별시 강남구 테헤란로77길,02-6246-2082,02-6246-2002,게임S/W,중소기업,해당사항없음,
728,씨아이그룹,2019,서울,서울특별시 서초구 효령로,070-5057-1560,0504-429-4909,정보처리,중소기업,,
729,씨알에스큐브,2020,서울,서울특별시 마포구 월드컵북로,02-722-7275,02-722-7280,정보처리,중소기업,,
730,씨에스이노베이션주식회사,2016,서울,서울특별시 용산구 새창로45길,027075095,027022266,전자,중소기업,,
731,씨엔티테크(주),2013,서울,서울특별시 서대문구 증가로29길,02-3152-6950,02-309-0381,정보처리,중소기업,,
732,씨엠유니버스(주),2019,서울,서울특별시 금천구 가산디지털2로,02-6268-9630,026-269-9631,정보처리,중소기업,,
733,씨유박스,2020,서울,서울특별시 강남구 테헤란로22길,02-6277-7801,02-6277-7880,정보처리,중소기업,,
734,씨지에스아이티(주),2020,서울,서울특별시 금천구 가산디지털1로,0226328730,0226328796,정보처리,중소기업,,
735,아드리엘,2021,서울,서울특별시 종로구 삼봉로,02-1661-0147,07075457181,정보처리,중소기업,,
736,아미스테크놀로지(주),2017,서울,서울특별시 강서구 강서로,025733880,025733880,정보처리,중소기업,,
737,아이알링크(주),2011,서울,서울특별시 성동구 성수일로4길,02-6905-2813,02-6905-2801,정보처리,중소기업,,
738,아진금형(주),1999,서울,서울특별시 금천구 범안로17길,02-895-4523,02-895-1332,기계,중소기업,해당사항없음,
739,아틀라스네트웍스,2017,서울,서울특별시 구로구 경인로53길,07087313441,0260214831,정보처리,중소기업,,
740,안성공업(주),1992,서울,서울특별시 금천구 시흥대로79길,02--802--3095,070-7016-1584,전자,중소기업,해당사항없음,
741,알고케어(주),2020,서울,서울특별시 서초구 성촌길,070-7770-0446,050-8090-1296,정보처리,중소기업,,
742,알엔에이애널리틱스㈜,2021,서울,서울특별시 종로구 청계천로,02-722-1041,02-722-1091,정보처리,중소기업,,
743,액션파워,2020,서울,서울특별시 관악구 남부순환로,010-8445-0485,02-871-4452,정보처리,중소기업,,
744,양재미디어(주),1999,서울,서울특별시 영등포구 당산로41길,02-596-2668,02-596-2998,정보처리,중소기업,해당사항없음,
745,에스더전자(주),2001,서울,서울특별시 금천구 벚꽃로,02-2113-7600,02-2113-7605,전기,중소기업,전기,
746,에스씨에스프로(주),2015,서울,서울특별시 금천구 가산디지털1로,070-8622-7488,02-867-7488,통신기기,중소기업,,
747,에스엔비플러스,2018,서울,서울특별시 금천구 가산동 ,02-6952-1466,070-8280-1470,정보처리,중소기업,,
748,에이비일팔공,2017,서울,서울특별시 서초구 강남대로61길,070-5102-1210,02--582--5505,정보처리,중소기업,,
749,엑세스(주),2016,서울,서울특별시 구로구 디지털로31길,02-2088-3243,02-6442-3076,정보처리,중소기업,,
750,엑세스랩 주식회사,2021,서울,서울특별시 구로구 디지털로33길,0269529974,0264423924,전자,중소기업,,
751,엑스이허브㈜,2021,서울,서울특별시 강남구 논현로149길,070-5220-0620,070-8228-0620,정보처리,중소기업,,
752,엔트로피패러독스 주식회사,2021,서울,서울특별시 강남구 도산대로100길,07077772626,05041503889,정보처리,중소기업,,
753,엘더트리주식회사,2019,서울,서울특별시 마포구 월드컵로10길,023227220,023327220,정보처리,중소기업,정보처리및기타컴퓨터운영관련업,
754,엘에스웨어(주),2016,서울,서울특별시 금천구 서부샛길,026-919-0325,026-919-0329,정보처리,중소기업,,
755,엠비아이솔루션,2020,서울,서울특별시 마포구 삼개로,070-4468-6363,0234656277,정보처리,중소기업,,
756,엠아이큐브솔루션 주식회사,2021,서울,서울특별시 서초구 효령로55길,025532171,025532172,정보처리,중소기업,,
757,엠에이피한터인종합건축사사무소,2012,서울,서울특별시 서초구 바우뫼로18길,02-520-9309,02-520-9390,국외건설,중소기업,,
758,엠포플러스(주),2019,서울,서울특별시 성동구 아차산로17길,02-1599-2320,0264420198,정보처리,중소기업,,
759,영창실리콘(주),2000,서울,서울특별시 금천구 가산디지털1로,02-808-2777,02-803-8380,전기,중소기업,해당사항없음,
760,영현정보통신(주),2020,서울,서울특별시 구로구 공원로6나길,028699501,028539013,통신기기,중소기업,,
761,오롬(주),2020,서울,서울특별시 중구 서애로,0222737012,0222789818,화학,중소기업,,
762,온도기술센테크,2021,서울,서울특별시 금천구 가산디지털1로,02-338-1828,02-338-1887,기계,중소기업,,
763,온오프믹스,2014,서울,서울특별시 서초구 강남대로79길,010-2979-4549,02-6280-8089,정보처리,중소기업,,
764,온잇코리아 주식회사,2021,서울,서울특별시 구로구 디지털로26길,070-7405-1015,050-4199-0731,정보처리,중소기업,,
765,올리브유니온주식회사,2020,서울,서울특별시 서초구 서초대로52길,02-3454-0701,025850701,정보처리,중소기업,,
766,와이지에스콘트롤(주),2017,서울,서울특별시 송파구 성내천로23가길,02-409-6581,02-409-6584,전기,중소기업,,
767,와이피랩스(주),2020,서울,서울특별시 강남구 영동대로,02-2088-2474,070-8620-2474,정보처리,중소기업,,
768,우림해운㈜-산업,2021,서울,서울특별시 영등포구 여의공원로,051-602-7024,051-414-8348,외항화물,중견기업,,
769,웹케시(주),2018,서울,서울특별시 영등포구 영신로,02-784-0614,02-784-0876,정보처리,중소기업,,
770,위더스컴퓨터(주),2018,서울,서울특별시 구로구 부광로,028312262,028315565,통신기기,중소기업,,
771,위플래닛,2019,서울,서울특별시 서초구 강남대로18길,070-7715-1040,025521020,정보처리,중소기업,,
772,유경제어,2014,서울,서울특별시 금천구 가산디지털1로,02-830-7900,02-830-7906,기계,중소기업,,
773,유니원아이앤씨(주),2014,서울,서울특별시 영등포구 은행로,02-780-0039,02-780-2503,정보처리,중소기업,,
774,유니크굿컴퍼니,2020,서울,서울특별시 성동구 연무장13길,070-8706-1013,022-124-2022,정보처리,중소기업,,
775,유한회사 라이더대시코리아,2021,서울,서울특별시 강남구 테헤란로,0215668337,0215668337,정보처리,중소기업,,
776,은성에프에이(주),2020,서울,서울특별시 금천구 두산로5길,028387387,028387389,기계,중소기업,,
777,이노넷(주),2019,서울,서울특별시 송파구 법원로11길,02-406-8849,02-3012-8101,통신기기,중소기업,,
778,이데아텍(주),2021,서울,서울특별시 강남구 논현로80길,070-4060-3868,02-6952-9161,정보처리,중소기업,,
779,이레텍(주),2015,서울,서울특별시 금천구 가산디지털1로,026-947-7777,026-947-7776,전기,중소기업,,
780,이쓰리,2018,서울,서울특별시 성동구 성수동2가 ,02-552-1947,02-552-1948,정보처리,중소기업,,
781,이아이씨엔,2019,서울,서울특별시 서초구 서초대로,070-7549-0110,050-5990-7538,정보처리,중소기업,,
782,인더스마트(주),2019,서울,서울특별시 종로구 대학로,027439611,027439613,의료의약,중소기업,,
783,인더포레스트,2019,서울,서울특별시 강남구 강남대로136길,070-7788-0300,02-6919-2778,정보처리,중소기업,,
784,인포보스(주),2018,서울,서울특별시 강남구 선릉로,02-6341-1185,02-515-3495,정보처리,중소기업,,
785,인프라소프트(주),2001,서울,서울특별시 마포구 월드컵북로,02-6959-2775,02-6959-2776,정보처리,중소기업,기타소프트웨어자문,
786,일루넥스,2022,서울,서울특별시 마포구 성미산로,01043433546,0262802348,정보처리,중소기업,,
787,자인테크놀로지(주),2011,서울,서울특별시 구로구 디지털로33길,02-856-4114,028569503,기계,중소기업,,
788,전능아이티(주),2020,서울,서울특별시 서초구 효령로53길,02--586--7361,02--582--5536,정보처리,중소기업,,
789,정일씨엔아이,2021,서울,서울특별시 금천구 가산디지털1로,02-2671-5466,02-2671-5465,전기,중소기업,배전반및전기자동제어반제조업,
790,제이비티,2019,서울,서울특별시 강남구 논현로28길,07086561586,07075002279,정보처리,중소기업,,
791,제이엠에스건설(주),2016,서울,서울특별시 강남구 테헤란로20길,02-564-1130,02-567-2357,국내건설,중소기업,,
792,제이제이툴스(주),2014,서울,서울특별시 금천구 두산로,02-892-2745,02-892-2746,철강,중소기업,,
793,제타럭스시스템,2020,서울,서울특별시 송파구 법원로,02-2038-8898,0505-899-8898,정보처리,중소기업,,
794,젠틀에너지 주식회사,2021,서울,서울특별시 마포구 성지길,070-4193-2882,05078048802,정보처리,중소기업,,
795,좋은기술(주),2018,서울,서울특별시 금천구 가산디지털2로,070-4498-7282,02-859-3929,전기,중소기업,,
796,주식회사 5민랩,2015,서울,서울특별시 마포구 양화로,070-4200-8253,02-6918-0628,정보처리,중견기업,,
797,주식회사 고려전기,2017,서울,서울특별시 종로구 돈화문로,022-269-0145,022-269-4410,전기,중소기업,,
798,주식회사 골드넥스,2022,서울,서울특별시 강남구 논현로135길,07043522555,050703085377,정보처리,중소기업,,
799,주식회사 덱스터스튜디오,2018,서울,서울특별시 마포구 매봉산로,026-391-7037,026-391-7200,애니메이션,중소기업,,
800,주식회사 두들린,2022,서울,서울특별시 강남구 강남대로,01084141891,07080157145,정보처리,중소기업,,
801,주식회사 디에스이앤티,2017,서울,서울특별시 영등포구 선유로3길,02-2283-3401,02-303-8444,통신기기,중소기업,,
802,주식회사 레몬베이스,2020,서울,서울특별시 성동구 왕십리로,02-6925-1033,02-6944-9327,정보처리,중소기업,,
803,주식회사 마켓잇(Marketit Inc.),2017,서울,서울특별시 성동구 왕십리로,02-545-6017,02-6964-7199,정보처리,중소기업,광고대행업,
804,주식회사 메이사,2020,서울,서울특별시 강남구 봉은사로18길,02-883-2140,050-4365-6770,정보처리,중소기업,,
805,주식회사 몬스터플래닛엠,2016,서울,서울특별시 강남구 삼성로,070-7781-0556,070-7781-7234,게임S/W,중소기업,,
806,주식회사 바비톡,2021,서울,서울특별시 강남구 테헤란로7길,010-9021-8412,070-7545-0509,정보처리,중소기업,,
807,주식회사 뱅크샐러드,2015,서울,서울특별시 영등포구 여의대로,023-453-9300,02-3453-9301,정보처리,중소기업,,
808,주식회사 버킷플레이스,2016,서울,서울특별시 서초구 서초대로74길,070-7606-5544,070-4850-9002,정보처리,중소기업,,
809,주식회사 시나몬,2017,서울,서울특별시 서초구 효령로77길,02-555-8982,02-555-8982,정보처리,중소기업,,
810,주식회사 씨앤에이아이,2021,서울,서울특별시 서초구 서리풀길,02-2088-1216,050-4077-2926,정보처리,중소기업,,
811,주식회사 아이네블루메매니지먼트,2016,서울,서울특별시 강남구 삼성로,070-8895-2226,026-919-2268,정보처리,중소기업,,
812,주식회사 아인톱시스템,2015,서울,서울특별시 마포구 성암로,070-8280-8281,028485164,정보처리,중소기업,,
813,주식회사 앤유,2022,서울,서울특별시 서초구 서초중앙로,01027885824,025972538,게임S/W,중소기업,,
814,주식회사 에코카,2009,서울,서울특별시 금천구 시흥대로153길,02--784--7119,02--784--7708,기계,벤처기업,,
815,주식회사 엠에이치큐,2022,서울,서울특별시 강남구 테헤란로26길,025233303,025213303,정보처리,중소기업,,
816,주식회사 온다,2019,서울,서울특별시 강남구 테헤란로83길,070-8672-6157,05073514978,정보처리,중소기업,,
817,주식회사 온클라우드9,2022,서울,서울특별시 영등포구 63로,01021566393,05043176393,정보처리,중소기업,,
818,주식회사 위밋모빌리티,2021,서울,서울특별시 마포구 백범로31길,010-9050-3377,0504-438-8606,정보처리,중소기업,,
819,주식회사 이큐브랩,2015,서울,서울특별시 구로구 디지털로34길,02-868-0293,02-868-0294,기계,중소기업,,
820,주식회사 직방,2015,서울,서울특별시 강남구 역삼로17길,02-568-4909,02-568-4908,정보처리,중소기업,,
821,주식회사 집꾸미기,2016,서울,서울특별시 성동구 왕십리로,02-6949-4891,,정보처리,중소기업,,
822,주식회사 카카오스타일,2017,서울,서울특별시 강남구 테헤란로,02-1670-8050,070-4369-9150,정보처리,대기업,,
823,주식회사 큐리어드,2018,서울,서울특별시 강남구 논현로71길,02-535-0195,02-6083-0195,정보처리,중소기업,,
824,주식회사 클래스유,2019,서울,서울특별시 중구 을지로,02--335--3321,02-6280-9890,정보처리,중소기업,,
825,주식회사 테사,2020,서울,서울특별시 성동구 상원1길,070-5173-5959,026-005-0992,정보처리,중소기업,,
826,주식회사그로브소프트,2019,서울,서울특별시 용산구 서빙고로,02-3482-2630,0504-840-3057,정보처리,중소기업,,
827,주식회사기원테크,2019,서울,서울특별시 구로구 디지털로31길,0260127406,0260854330,정보처리,중소기업,,
828,주식회사누아,2019,서울,서울특별시 종로구 청계천로,02-542-1578,02-547-1578,정보처리,중소기업,,
829,주식회사다우밸브,2016,서울,서울특별시 금천구 디지털로10길,026-309-5656,026-309-6767,기계,중소기업,,
830,주식회사당신의파트너,2017,서울,서울특별시 영등포구 양평로30길,02-461-1654,02-461-1657,화학,중소기업,,
831,주식회사대일정공,2016,서울,서울특별시 금천구 가산디지털1로,028544627,028544611,기계,중소기업,,
832,주식회사데일리샷,2019,서울,서울특별시 강남구 언주로93길,026-931-3636,070-8220-6366,정보처리,중소기업,,
833,주식회사디앤디랩,2014,서울,서울특별시 서초구 강남대로,025239626,000,정보처리,벤처기업,,
834,주식회사디피에스,2019,서울,서울특별시 중구 퇴계로36길,02-2274-1921,02-2277-8444,화학,중소기업,인쇄업,
835,주식회사라인웍스,2019,서울,서울특별시 서초구 강남대로51길,070-7702-3044,025480612,정보처리,중소기업,,
836,주식회사로플랫,2017,서울,서울특별시 강남구 테헤란로20길,02-508-1225,022-178-9131,정보처리,중소기업,,
837,주식회사리턴제로,2019,서울,서울특별시 서초구 강남대로,025551271,025541271,정보처리,중소기업,,
838,주식회사마인딩,2019,서울,서울특별시 관악구 을지로,02-6351-4200,070-8220-6366,정보처리,중소기업,,
839,주식회사매스아시아,2018,서울,서울특별시 서초구 주흥3길,02-2135-1472,02-2139-1107,정보처리,중소기업,,
840,주식회사메디블록,2019,서울,서울특별시 강남구 테헤란로,02-6053-9119,00,정보처리,중소기업,,
841,주식회사명성인스트루먼트,2017,서울,서울특별시 금천구 벚꽃로,02-2082-4333,02-6499-3345,전자,중소기업,,
842,주식회사모아플래닛,2019,서울,서울특별시 금천구 가산디지털1로,02-855-6464,030-33440-8290,정보처리,중소기업,,
843,주식회사모프인터랙티브,2017,서울,서울특별시 마포구 월드컵북로4길,070-4184-3662,02-6442-9881,정보처리,중소기업,,
844,주식회사몰로코,2019,서울,서울특별시 강남구 테헤란로,02-6205-1222,070-8787-1110,정보처리,중소기업,,
845,주식회사백패커,2017,서울,서울특별시 마포구 동교로19길,070-4104-3651,026-008-4918,정보처리,중소기업,,
846,주식회사버즈니,2016,서울,서울특별시 관악구 남부순환로,02--585--6782,02--585--6781,정보처리,중소기업,,
847,주식회사베스파,2019,서울,서울특별시 강남구 테헤란로83길,02-6954-0889,02-6925-0896,게임S/W,중소기업,,
848,주식회사뷰쓰리,2019,서울,서울특별시 서초구 신반포로47길,02-6084-6110,02-515-5956,정보처리,중소기업,,
849,주식회사브랜디,2017,서울,서울특별시 강남구 역삼동 ,026-205-0303,030334412120,정보처리,중소기업,,
850,주식회사비트리,2019,서울,서울특별시 용산구 유엔빌리지길,07082361839,0264554579,정보처리,중소기업,,
851,주식회사선도소프트,2017,서울,서울특별시 금천구 가산디지털1로,02--856--1900,02--856--1901,정보처리,중소기업,,
852,주식회사선도소프트,2017,서울,서울특별시 금천구 가산디지털1로,02-856-1900,02-856-1901,정보처리,중소기업,,
853,주식회사세시소프트,2016,서울,서울특별시 서초구 방배로22길,02-586-9293,02-6919-2793,게임S/W,중소기업,,
854,주식회사세포아소프트,2019,서울,서울특별시 서초구 서초대로,070-7878-9840,0504-012-6150,정보처리,중소기업,,
855,주식회사셀메이트,2017,서울,서울특별시 마포구 만리재로,070-8680-6923,022-238-3706,정보처리,중소기업,,
856,주식회사셰어킴,2019,서울,서울특별시 서초구 논현로79길,02-1644-3638,02-598-4425,정보처리,중소기업,,
857,주식회사소프트원,2016,서울,서울특별시 강서구 양천로,02-2093-2050,,정보처리,중소기업,,
858,주식회사스냅컴퍼니,2019,서울,서울특별시 강남구 테헤란로32길,02-6959-3199,02-561-6709,정보처리,중소기업,,
859,주식회사스마일벤처스,2019,서울,서울특별시 강남구 학동로7길,02-558-9955,02-558-8844,정보처리,중소기업,,
860,주식회사스마트동스쿨,2017,서울,서울특별시 마포구 매봉산로,070-4707-2727,0303-0101-4242,정보처리,중소기업,,
861,주식회사스캐터랩,2016,서울,서울특별시 성동구 왕십리로,070-4099-5959,070-7966-6598,정보처리,중소기업,,
862,주식회사스타일닷컴,2017,서울,서울특별시 강남구 테헤란로,02-3442-3555,02-6305-3441,정보처리,중소기업,,
863,주식회사스타코프,2019,서울,서울특별시 성동구 아차산로,02-2118-1100,----,전기,중소기업,,
864,주식회사씨메스,2019,서울,서울특별시 강남구 선릉로132길,02-1800-8647,050-5355-6009,정보처리,중소기업,,
865,주식회사씽크트리,2019,서울,서울특별시 마포구 매봉산로,02-309-2900,02-6959-5968,정보처리,중소기업,,
866,주식회사아신아이,2019,서울,서울특별시 강남구 자곡로,02-2038-0126,02-6190-4295,정보처리,중소기업,,
867,주식회사아이아라,2017,서울,서울특별시 강남구 봉은사로47길,02-2052-7880,02 -2052-7881,정보처리,중소기업,,
868,주식회사아트만파트너스,2019,서울,서울특별시 강남구 논현로71길,025739076,025759076,정보처리,중소기업,,
869,주식회사어니스트펀드,2017,서울,서울특별시 영등포구 여의대로,070-4820-1480,02-6919-2452,정보처리,중소기업,,
870,주식회사에스브이,2019,서울,서울특별시 영등포구 국제금융로,02-6927-6080,02-6927-2553,정보처리,중소기업,데이터베이스및온라인정보제공업,
871,주식회사에이에프아이,2019,서울,서울특별시 성동구 아차산로17길,070-7655-6144,02-6935-1325,정보처리,중소기업,,
872,주식회사엑스바엑스,2019,서울,서울특별시 송파구 중대로,026-404-1020,026-404-1020,정보처리,중소기업,,
873,주식회사엠에이치엔씨티,2019,서울,서울특별시 성동구 아차산로,070-7553-2372,02-2051-2370,정보처리,중소기업,,
874,주식회사오픈갤러리,2016,서울,서울특별시 성동구 왕십리로,02-6949-3530,025493530,정보처리,중소기업,,
875,주식회사오픈서베이,2016,서울,서울특별시 강남구 강남대로84길,02-2070-2110,02-2070-2179,정보처리,중소기업,,
876,주식회사오픈소스컨설팅,2017,서울,서울특별시 강남구 테헤란로83길,02-516-0711,02-516-0722,정보처리,중소기업,,
877,주식회사와이키키소프트,2019,서울,서울특별시 강남구 테헤란로87길,025764746,025784745,정보처리,중소기업,,
878,주식회사우리강산시스템,2019,서울,서울특별시 금천구 가산디지털1로,02-867-3181,02-867-3184,정보처리,중소기업,,
879,주식회사워프솔루션,2019,서울,서울특별시 성동구 성수일로,010-7303-4227,0504-298-3070,전자,중소기업,,
880,주식회사웰비아닷컴,2016,서울,서울특별시 금천구 가산디지털1로,02-868-8118,02-868-0070,정보처리,중소기업,,
881,주식회사위주,2019,서울,서울특별시 금천구 가산디지털2로,02-2039-6240,02-6953-6239,정보처리,중소기업,,
882,주식회사위즈페이스,2019,서울,서울특별시 강남구 영동대로82길,010-2636-7963,0264426643,정보처리,중소기업,,
883,주식회사위키시큐리티,2019,서울,서울특별시 금천구 디지털로,02-322-4688,02-322-4646,정보처리,중소기업,,
884,주식회사윌두,2019,서울,서울특별시 금천구 가산디지털2로,028670119,028670930,정보처리,중소기업,,
885,주식회사유비디시전,2019,서울,서울특별시 용산구 청파로47길,02-558-6996,025586886,정보처리,중소기업,,
886,주식회사이포넷,2016,서울,서울특별시 강남구 테헤란로87길,02-3465-8500,02-3465-8501,정보처리,중소기업,,
887,주식회사인터프로커무니케이션,2019,서울,서울특별시 중구 퇴계로50길,02-2275-2333,02-2276-1295,화학,중소기업,,
888,주식회사지니웍스,2017,서울,서울특별시 강남구 논현로,070-4283-4141,070-4170-4705,정보처리,중소기업,,
889,주식회사지오스토리,2016,서울,서울특별시 강서구 화곡로68길,070-5228-4699,07052284731,정보처리,중소기업,,
890,주식회사집토스,2019,서울,서울특별시 성동구 성수이로22길,070-8028-7303,0504-204-7877,정보처리,중소기업,,
891,주식회사채널코퍼레이션,2016,서울,서울특별시 강남구 논현로,02-1644-4052,02-6919-2477,정보처리,중소기업,,
892,주식회사체커,2019,서울,서울특별시 강서구 마곡중앙1로,02-3662-1876,02-6008-1876,정보처리,중소기업,,
893,주식회사케이브레인컴퍼니,2019,서울,서울특별시 마포구 성암로,02-744-0530,02-744-0531,정보처리,중소기업,,
894,주식회사케이케이디씨,2019,서울,서울특별시 강서구 마곡동로8길,031-942-9332,070-8622-9304,전기,중소기업,,
895,주식회사코드박스,2019,서울,서울특별시 강남구 테헤란로20길,010-3931-6788,000000000,정보처리,대기업,,
896,주식회사코이즈,2016,서울,서울특별시 강서구 화곡로59길,023-662-4714,026-499-4710,생활용품,중소기업,,
897,주식회사콘샐러드,2019,서울,서울특별시 송파구 송파대로,010-6246-9108,02-2054-8217,정보처리,중소기업,,
898,주식회사클래스101,2016,서울,서울특별시 강남구 테헤란로,02-779-3008,02-6008-2712,정보처리,벤처기업,컴퓨터및소프트웨어소매업,
899,주식회사클래스팅,2019,서울,서울특별시 강남구 테헤란로,070-4060-6535,026-928-3499,정보처리,중소기업,,
900,주식회사테라텍,2014,서울,서울특별시 금천구 가산디지털1로,02-701-4422,02-3272-2221,통신기기,중소기업,,
901,주식회사테크랩스,2017,서울,서울특별시 강남구 언주로,070-4601-2720,0502-989-9903,정보처리,중소기업,,
902,주식회사텔로팜,2019,서울,서울특별시 서초구 식유촌길,02-876-1250,02-576-1250,전자,중소기업,,
903,주식회사토닥,2019,서울,서울특별시 금천구 디지털로,070-8666-1121,050-4000-9713,전자,중소기업,,
904,주식회사티엔코아,2020,서울,서울특별시 강서구 마곡중앙2로,070-5030-1511,07078265757,정보처리,중소기업,,
905,주식회사티오리한국,2019,서울,서울특별시 강남구 테헤란로,010-8984-1839,050-4203-1839,정보처리,중소기업,,
906,주식회사티켓플레이스,2020,서울,서울특별시 강남구 봉은사로2길,028779771,050-4259-9504,정보처리,중소기업,,
907,주식회사프렌트립,2016,서울,서울특별시 성동구 왕십리로,070-7169-1466,02-6468-2035,정보처리,중소기업,,
908,주식회사프리버,2019,서울,서울특별시 마포구 양화로7길,02-3292-1992,02-3292-1989,정보처리,중소기업,,
909,주식회사플랫팜,2019,서울,서울특별시 마포구 백범로31길,070-7560-7002,070-7560-7005,정보처리,중소기업,,
910,주식회사하닉스,2014,서울,서울특별시 금천구 가산디지털2로,070-4716-5229,028370159,기계,중소기업,,
911,주식회사하이메디,2019,서울,서울특별시 서초구 서초대로77길,070-8146-8980,026-302-7033,정보처리,중소기업,,
912,주식회사해시드,2019,서울,서울특별시 강남구 테헤란로4길,07088660193,025658842,정보처리,중소기업,,
913,주식회사헬프미,2017,서울,서울특별시 강남구 테헤란로77길,02-501-0192,,정보처리,중소기업,,
914,주식회사화이트블록,2019,서울,서울특별시 성동구 성수일로,02--832--3020,02--304--3021,정보처리,중소기업,,
915,주식회사휴템,2019,서울,서울특별시 금천구 가산디지털2로,070-5153-8172,028552276,기계,중소기업,,
916,주식회사힐링페이퍼,2017,서울,서울특별시 강남구 테헤란로,023-443-8854,0504-076-5890,정보처리,중소기업,,
917,지뉴소프트,2020,서울,서울특별시 강남구 논현로81길,0234630802,0226273275,정보처리,중소기업,,
918,지시코(주),1991,서울,서울특별시 성동구 아차산로,02-461-7071,02-464-1962,전기,중소기업,해당사항없음,
919,지엔터프라이즈 주식회사,2019,서울,서울특별시 강남구 영동대로,02-546-0321,02-6969-9436,정보처리,중소기업,소프트웨어자문,
920,지원플레이그라운드㈜,2021,서울,서울특별시 서초구 강남대로47길,031-755-0615,031-629-5526,게임S/W,중소기업,게임소프트웨어제작업,
921,진진시스템(주),2001,서울,서울특별시 성동구 연무장5길,024475967,024475968,정보처리,중소기업,기타소프트웨어자문,
922,진흥전기(주),2015,서울,서울특별시 도봉구 덕릉로63길,02-1899-1948,02-998-0732,전기,중소기업,,
923,차봇모빌리티 주식회사,2021,서울,서울특별시 성동구 왕십리로,07042237046,05050910901,정보처리,중소기업,,
924,차이엑스 주식회사,2019,서울,서울특별시 성동구 성수이로20길,070-4047-5652,070-4324-3639,정보처리,중소기업,,
925,초이스테크닉스(주),2020,서울,서울특별시 금천구 가산디지털1로,07046801052,028621052,전기,중소기업,,
926,컴트리,2019,서울,서울특별시 금천구 가산디지털1로,028584582,028584583,통신기기,중소기업,,
927,케이씨넷,2021,서울,서울특별시 금천구 가산디지털1로,02-3447-2079,02-3447-4030,정보처리,중소기업,,
928,케이에스지티 주식회사,2014,서울,서울특별시 구로구 디지털로33길,02-6942-9409,02-6942-9410,기계,중소기업,,
929,케이웨더(주),1999,서울,서울특별시 구로구 디지털로26길,02-360-2200,02-360-2288,정보처리,중소기업,해당사항없음,
930,케이투웹테크(주),2020,서울,서울특별시 금천구 가마산로,070-4341-3007,025775573,정보처리,중소기업,정보처리및기타컴퓨터운영관련업,
931,코드잇,2019,서울,서울특별시 중구 청계천로,026-242-0521,026-242-0521,정보처리,중소기업,,
932,코리아엑스퍼트(주),2012,서울,서울특별시 영등포구 양평로22길,02-782-5200,02--782--5203,정보처리,중소기업,,
933,코어시큐리티,2019,서울,서울특별시 송파구 법원로8길,02-3453-6630,02-6334-6630,정보처리,중소기업,,
934,코위버(주),2016,서울,서울특별시 강서구 마곡중앙8로7길,02-3140-3300,02-338-2984,통신기기,중소기업,,
935,코인원,2017,서울,서울특별시 영등포구 여의대로,026-105-7703,026-499-0264,정보처리,중소기업,,
936,코코네엠(주),2022,서울,서울특별시 강남구 학동로9길,01098329831,07082827771,정보처리,중소기업,,
937,쿨사인(주),2018,서울,서울특별시 구로구 디지털로27가길,02-6295-8061,02-6295-8044,통신기기,중소기업,,
938,클라우드브릭,2020,서울,서울특별시 영등포구 여의공원로,02-2125-5606,02-782-6476,정보처리,중소기업,,
939,탱커 주식회사,2018,서울,서울특별시 영등포구 국회대로70길,02--514--1008,0508-4845-1008,정보처리,중소기업,,
940,테이블매니저(주),2018,서울,서울특별시 성동구 성수이로20길,02-6952-4076,02-322-9864,정보처리,중소기업,,
941,트래볼루션,2019,서울,서울특별시 종로구 청계천로,0262641115,05042133525,정보처리,중소기업,,
942,티쓰리큐 주식회사,2021,서울,서울특별시 구로구 디지털로30길,0263447660,0263447661,정보처리,중소기업,,
943,팀42(주),2019,서울,서울특별시 마포구 새창로,02-6371-4200,,게임S/W,중소기업,,
944,팀블랙버드(주),2020,서울,서울특별시 영등포구 의사당대로,07078475316,0264557802,정보처리,중소기업,,
945,패킷플레이 주식회사,2021,서울,서울특별시 영등포구 선유로49길,07077755222,07077755222,정보처리,중소기업,,
946,퍼스트실리콘 (주),2022,서울,서울특별시 금천구 가산디지털1로,0234027464,0221084566,전기,중소기업,,
947,페이위드,2020,서울,서울특별시 금천구 가산디지털2로,010-4694-0301,000-000-0000,정보처리,중소기업,,
948,펜타시큐리티시스템(주),1998,서울,서울특별시 영등포구 여의공원로,02-2125-6687,02-786-5281,정보처리,중소기업,해당사항없음,
949,포인트닉스,2013,서울,서울특별시 구로구 디지털로,02-6480-0139,02--839--4973,의료의약,중소기업,,
950,퓨렌스(주),2013,서울,서울특별시 금천구 디지털로,02-6443-5600,02-6443-5605,정보처리,중소기업,,
951,플링크,2018,서울,서울특별시 관악구 남부순환로,02-871-1797,02-877-1797,정보처리,중소기업,,
952,피노텍,2015,서울,서울특별시 서초구 양재천로9길,02-522-3558,02-522-3559,정보처리,중소기업,,
953,핌즈(주),2020,서울,서울특별시 중랑구 신내역로3길,025211774,0260085388,정보처리,중견기업,,
954,핑거포스트,2019,서울,서울특별시 구로구 디지털로26길,070-4066-5901,02-6124-6050,정보처리,중소기업,,
955,하이버스,2017,서울,서울특별시 구로구 디지털로31길,02-6959-9052,02-6959-9331,전자,중소기업,,
956,하이퍼커넥트 유한책임회사,2015,서울,서울특별시 강남구 영동대로,010-3073-2453,025218812,정보처리,중소기업,,
957,하임시큐리티,2019,서울,서울특별시 강남구 테헤란로,02--567--2119,02--567--2119,정보처리,중소기업,,
958,한국뉴매틱(주),2022,서울,서울특별시 금천구 벚꽃로10길,0220273700,0280813,기계,중소기업,,
959,한국비즈넷(주),2000,서울,서울특별시 구로구 디지털로29길,02-855-2181,02-855-4213,정보처리,중소기업,해당사항없음,
960,한국쎄미텍(주),2020,서울,서울특별시 금천구 가산디지털2로,02-3281-1155,02-3281-3338,기계,중소기업,,
961,한빛디엔에스(주),2022,서울,서울특별시 강서구 양천로,023258115,023374669,에너지,중소기업,,
962,한솔코에버(주),2018,서울,서울특별시 금천구 가산디지털1로,02-859-7788,02-2026-2760,정보처리,중소기업,,
963,해창개발(주),1994,서울,서울특별시 서초구 효령로,02-423-4422,02--424--0582,국내건설,중소기업,해당사항없음,
964,해치랩스주식회사,2019,서울,서울특별시 강남구 봉은사로,070-7721-0918,02-6280-8956,정보처리,중소기업,,
965,핵클 주식회사,2021,서울,서울특별시 강남구 논현로75길,070-8018-2806,0504-065-9660,정보처리,중소기업,,
966,호디,2013,서울,서울특별시 마포구 마포대로4라길,070-4620-8000,070-4620-8088,정보처리,중소기업,,
967,호스트센터(주),2019,서울,서울특별시 서초구 법원로1길,02-6925-5045,02-591-1115,정보처리,중소기업,,
968,화인엠이씨(주),2016,서울,서울특별시 강서구 허준로,02-309-1882,02-376-1884,전자,중소기업,,
969,훼스텍(주),2020,서울,서울특별시 금천구 서부샛길,0221077800,0221077801,기계,중소기업,,
970,휴먼아이씨티,2020,서울,서울특별시 강남구 도곡로,02-532-4957,02-508-4957,정보처리,중소기업,,
971,휴멜로㈜,2020,서울,서울특별시 서초구 강남대로,070-8098-4249,0507-804-8761,정보처리,중소기업,,